答卷编号,IP地址,性别(有偿),年龄(有偿),城市(有偿),图片(微信),来源,昵称(微信),性别(微信),城市(微信),开始时间,结束时间,浏览器,操作系统,答题时长,状态,Q1_性别,Q2_您所在的城市是_省份,Q2_您所在的城市是_城市,Q2_您所在的城市是_区/县,Q3_工作年限,Q4_个人月收入,Q5_基础设施建设,"Q6_生态环境(包括城市绿化,城市景观生态文明等)",Q7_治安环境,Q8_产业发展,Q9_企业条件,Q10_职业发展,Q11_收入水平,Q12_住房条件,Q13_户籍政策,Q14_配偶就业,Q15_子女教育,Q16_生活成本,Q17_交通状态,Q18_休闲娱乐,Q19_请问您的主要职业或者毕业之后将要成为的主要职业是什么？,Q20_请问你觉得济南这座城市对您是否有吸引力呢？
1,42.239.118.119,,,,,,,,,2018-04-26 21:33:14,2018-04-26 21:34:10,Chrome 57.0.2987.132,Android Linux 7.1.2,0分56秒,正常完成,男,北京市,北京市,石景山区,1年及以下,20000元以上,非常能够,比较能够,非常能够,比较能够,非常能够,非常能够,非常能够,非常能够,非常能够,比较能够,非常能够,非常能够,非常能够,非常能够,管理人员,很不喜欢
2,113.140.118.156,,,,,,,,,2018-04-26 21:32:58,2018-04-26 21:34:44,Chrome 57.0.2987.132,Android Linux 6.0.1,1分46秒,正常完成,男,陕西省,西安市,未央区,1年及以下,2000元及以下,比较能够,比较能够,比较能够,比较能够,比较能够,比较能够,比较能够,比较能够,比较能够,比较能够,比较能够,比较能够,比较能够,比较能够,其他,一般
3,222.173.10.194,,,,,,,,,2018-04-26 21:32:43,2018-04-26 21:38:40,Chrome 62.0.3202.62,Windows NT 10.0,5分57秒,正常完成,男,山东省,济宁市,汶上县,2-3年,3001-5000元,非常能够,非常能够,非常能够,非常能够,非常能够,比较能够,非常能够,非常能够,一般,比较能够,比较能够,非常能够,非常能够,一般,管理人员,有较强的吸引力
4,219.134.216.198,,,,,,,,,2018-04-26 21:40:27,2018-04-26 21:41:46,Chrome 57.0.2987.132,Android Linux 8.0,1分19秒,正常完成,男,广东省,深圳市,南山区,10年及以上,20000元以上,非常能够,非常能够,非常能够,非常能够,非常能够,非常能够,非常能够,非常能够,非常能够,非常能够,非常能够,非常能够,非常能够,非常能够,技术研发人才,一般
5,60.216.185.248,,,,,,,,,2018-04-26 21:42:13,2018-04-26 21:43:48,Chrome 57.0.2987.132,Android Linux 5.1,1分35秒,正常完成,女,山东省,济南市,历城区,1年及以下,2000元及以下,不能够,不能够,不能够,一般,一般,比较能够,一般,一般,一般,比较能够,比较能够,一般,不能够,一般,金融从业者,一般
6,223.99.197.192,,,,,,,,,2018-04-26 21:42:22,2018-04-26 21:43:56,Chrome 53.0.2785.49,Android Linux 5.0.2,1分34秒,正常完成,男,山东省,济南市,长清区,1年及以下,3001-5000元,比较能够,比较能够,非常能够,非常能够,非常能够,非常能够,非常能够,非常能够,非常能够,非常能够,非常能够,非常能够,非常能够,非常能够,技术研发人才,有较强的吸引力
7,117.136.94.33,,,,,,,,,2018-04-26 21:44:01,2018-04-26 21:45:25,Chrome 57.0.2987.132,Android Linux 7.0,1分24秒,正常完成,男,山东省,济南市,天桥区,1年及以下,5001-8000元,比较能够,比较能够,比较能够,比较能够,比较能够,比较能够,比较能够,比较能够,比较能够,比较能够,比较能够,比较能够,比较能够,比较能够,技术研发人才,有较强的吸引力
8,117.136.93.190,,,,,,,,,2018-04-26 21:45:57,2018-04-26 21:47:39,Unknown Browser,iPhone iOS 11.3,1分42秒,正常完成,男,山东省,济南市,天桥区,1年及以下,2000元及以下,不能够,不能够,不能够,非常能够,非常能够,非常能够,非常能够,非常能够,非常能够,一般,比较能够,非常能够,比较能够,一般,金融从业者,有较强的吸引力
9,106.91.55.116,,,,,,,,,2018-04-26 21:46:53,2018-04-26 21:48:15,Chrome 57.0.2987.132,Android Linux 7.0,1分22秒,正常完成,男,四川省,广安市,邻水县,1年及以下,2000元及以下,不能够,不能够,不能够,不能够,不能够,不能够,不能够,不能够,不能够,不能够,不能够,不能够,不能够,不能够,其他,很不喜欢
10,61.147.108.194,,,,,,,,,2018-04-26 21:49:28,2018-04-26 21:51:31,Chrome 57.0.2987.132,Android Linux 7.0,2分3秒,正常完成,女,山东省,青岛市,市北区,10年及以上,5001-8000元,比较能够,不能够,比较能够,不能够,不能够,不能够,不能够,不能够,不能够,不能够,不能够,一般,一般,一般,管理人员,一般
11,112.38.217.37,,,,,,,,,2018-04-26 21:53:50,2018-04-26 21:55:26,Chrome 57.0.2987.132,Android Linux 6.0.1,1分36秒,正常完成,男,辽宁省,大连市,旅顺口区,1年及以下,2000元及以下,不能够,不能够,不能够,不能够,不能够,不能够,不能够,不能够,不能够,不能够,不能够,不能够,不能够,不能够,技术研发人才,不作考虑
12,223.104.187.20,,,,,,,,,2018-04-26 21:55:20,2018-04-26 21:58:05,Chrome 57.0.2987.132,Android Linux 7.0,2分45秒,正常完成,男,山东省,青岛市,黄岛区,1年及以下,2000元及以下,一般,一般,比较能够,比较能够,比较能够,比较能够,比较能够,比较能够,非常能够,比较能够,比较能够,非常能够,不能够,一般,技术研发人才,有较强的吸引力
13,36.149.220.35,,,,,,,,,2018-04-26 21:57:43,2018-04-26 21:58:47,Opera,Android Linux 8.0,1分4秒,正常完成,男,江苏省,南京市,浦口区,1年及以下,2000元及以下,不能够,一般,一般,非常能够,非常能够,非常能够,非常能够,比较能够,比较能够,比较能够,非常能够,非常能够,非常能够,比较能够,技术研发人才,一般
14,122.6.168.222,,,,,,,,,2018-04-26 22:00:26,2018-04-26 22:01:57,Chrome 57.0.2987.132,Android Linux 7.1.2,1分31秒,正常完成,男,山东省,临沂市,平邑县,2-3年,3001-5000元,比较能够,比较能够,比较能够,非常能够,非常能够,非常能够,非常能够,非常能够,非常能够,非常能够,非常能够,非常能够,非常能够,非常能够,管理人员,一般
15,117.61.17.65,,,,,,,,,2018-04-26 22:00:31,2018-04-26 22:02:11,Chrome 57.0.2987.132,Android Linux 7.1.2,1分40秒,正常完成,男,山东省,菏泽市,巨野县,1年及以下,2001-3000元,非常能够,非常能够,非常能够,非常能够,非常能够,比较能够,非常能够,一般,比较能够,一般,比较能够,一般,一般,非常能够,管理人员,一般
16,112.17.242.135,,,,,,,,,2018-04-26 22:03:10,2018-04-26 22:04:02,Opera,Android Linux 8.0,0分52秒,正常完成,男,浙江省,宁波市,慈溪市,1年及以下,2000元及以下,不能够,比较能够,不能够,一般,一般,不能够,非常能够,非常能够,非常能够,非常能够,非常能够,非常能够,比较能够,一般,技术研发人才,不作考虑
17,117.136.0.223,,,,,,,,,2018-04-26 22:03:20,2018-04-26 22:04:41,Opera,Android Linux 8.0,1分21秒,正常完成,男,北京市,北京市,海淀区,1年及以下,2000元及以下,不能够,一般,一般,一般,一般,一般,一般,比较能够,比较能够,一般,一般,一般,一般,一般,其他,不作考虑
18,117.136.77.198,,,,,,,,,2018-04-26 22:03:55,2018-04-26 22:06:10,Chrome 57.0.2987.132,Android Linux 6.0,2分15秒,正常完成,女,山东省,济南市,历下区,1年及以下,2000元及以下,一般,比较能够,一般,比较能够,比较能够,一般,比较能够,比较能够,一般,比较能够,非常能够,一般,不能够,比较能够,教育科研,不作考虑
19,112.247.53.135,,,,,,,,,2018-04-26 22:03:29,2018-04-26 22:07:52,Chrome 57.0.2987.132,Android Linux 5.1,4分23秒,正常完成,女,山东省,菏泽市,巨野县,10年及以上,2000元及以下,非常能够,非常能够,非常能够,非常能够,非常能够,非常能够,一般,比较能够,非常能够,非常能够,非常能够,比较能够,非常能够,非常能够,技术研发人才,有较强的吸引力
20,112.226.217.64,,,,,,,,,2018-04-26 22:09:31,2018-04-26 22:11:08,Chrome 57.0.2987.132,Android Linux 7.1.1,1分37秒,正常完成,女,山东省,青岛市,市南区,6-9年,5001-8000元,一般,一般,一般,一般,一般,一般,不能够,不能够,不能够,不能够,不能够,不能够,不能够,不能够,技术研发人才,很不喜欢
21,112.224.1.161,,,,,,,,,2018-04-26 22:12:12,2018-04-26 22:14:06,Chrome 57.0.2987.132,Android Linux 7.0,1分54秒,正常完成,男,山东省,济南市,历下区,1年及以下,2001-3000元,比较能够,比较能够,非常能够,非常能够,比较能够,一般,比较能够,非常能够,一般,比较能够,非常能够,一般,一般,比较能够,技术研发人才,有较强的吸引力
22,120.230.90.232,,,,,,,,,2018-04-26 22:17:10,2018-04-26 22:20:03,Unknown Browser,iPhone iOS 11.3,2分53秒,正常完成,女,广东省,广州市,越秀区,6-9年,20000元以上,一般,一般,一般,一般,一般,一般,一般,一般,一般,一般,一般,一般,不能够,不能够,技工人才,一般
23,119.164.104.217,,,,,,,,,2018-04-26 22:19:34,2018-04-26 22:20:42,Chrome 64.0.3282.167,Windows NT 10.0,1分8秒,正常完成,男,山东省,济南市,市中区,6-9年,20000元以上,不能够,不能够,一般,一般,一般,一般,非常能够,一般,不能够,比较能够,比较能够,一般,不能够,不能够,医疗,很不喜欢
24,175.167.154.193,,,,,,,,,2018-04-26 22:21:29,2018-04-26 22:22:50,Chrome 57.0.2987.132,Android Linux 7.0,1分21秒,正常完成,女,辽宁省,葫芦岛市,龙港区,1年及以下,2000元及以下,一般,一般,一般,一般,一般,不能够,比较能够,比较能够,一般,不能够,不能够,不能够,一般,比较能够,技术研发人才,一般
25,39.173.23.86,,,,,,,,,2018-04-26 22:25:57,2018-04-26 22:27:20,Chrome 57.0.2987.132,Android Linux 7.0,1分23秒,正常完成,男,山东省,潍坊市,寿光市,1年及以下,2000元及以下,非常能够,比较能够,比较能够,非常能够,非常能够,非常能够,非常能够,非常能够,比较能够,非常能够,非常能够,非常能够,比较能够,比较能够,其他,很不喜欢
26,42.49.109.174,,,,,,,,,2018-04-26 22:27:54,2018-04-26 22:29:34,Chrome 57.0.2987.132,Android Linux 7.0,1分40秒,正常完成,男,河南省,驻马店市,正阳县,1年及以下,12001-20000元,一般,一般,比较能够,比较能够,比较能够,比较能够,非常能够,非常能够,非常能够,非常能够,非常能够,非常能够,非常能够,非常能够,技术研发人才,一般
27,182.139.45.213,,,,,,,,,2018-04-26 22:32:41,2018-04-26 22:34:15,Chrome 57.0.2987.132,Android Linux 7.1.1,1分34秒,正常完成,男,四川省,成都市,郫都区,1年及以下,2000元及以下,一般,比较能够,比较能够,一般,一般,比较能够,比较能够,比较能够,比较能够,比较能够,比较能够,比较能够,不能够,一般,金融从业者,一般
28,36.110.92.218,,,,,,,,,2018-04-26 22:33:41,2018-04-26 22:36:27,Microsoft Internet Explorer 11.0,Windows NT 10.0,2分46秒,正常完成,男,山东省,济南市,历城区,10年及以上,8001-12000元,一般,比较能够,比较能够,一般,一般,比较能够,一般,比较能够,一般,一般,比较能够,一般,一般,一般,技工人才,一般
29,123.232.213.14,,,,,,,,,2018-04-26 22:40:01,2018-04-26 22:42:04,Unknown Browser,iPhone iOS 11.3,2分3秒,正常完成,男,山东省,济南市,历下区,1年及以下,8001-12000元,一般,一般,一般,一般,一般,不能够,不能够,不能够,一般,一般,一般,不能够,不能够,不能够,技术研发人才,一般
30,117.136.77.246,,,,,,,,,2018-04-26 22:43:37,2018-04-26 22:45:24,Chrome 57.0.2987.132,Android Linux 7.0,1分47秒,正常完成,男,山东省,滨州市,滨城区,1年及以下,2000元及以下,比较能够,非常能够,非常能够,非常能够,非常能够,非常能够,非常能够,非常能够,非常能够,非常能够,非常能够,非常能够,非常能够,非常能够,教育科研,有较强的吸引力
31,144.0.163.93,,,,,,,,,2018-04-26 23:03:03,2018-04-26 23:04:41,Unknown Browser,iPhone iOS 11.3,1分38秒,正常完成,男,山东省,菏泽市,曹县,4-5年,2001-3000元,比较能够,非常能够,非常能够,非常能够,一般,一般,一般,一般,一般,比较能够,非常能够,比较能够,一般,比较能够,管理人员,一般
32,112.224.22.167,,,,,,,,,2018-04-26 23:32:22,2018-04-26 23:33:51,Opera,Android Linux 8.0,1分29秒,正常完成,男,山东省,济南市,天桥区,1年及以下,2000元及以下,比较能够,非常能够,非常能够,非常能够,比较能够,非常能够,非常能够,非常能够,非常能够,非常能够,非常能够,非常能够,非常能够,非常能够,管理人员,一般
33,223.104.189.218,,,,,,,,,2018-04-26 23:35:50,2018-04-26 23:36:50,Chrome 57.0.2987.132,Android Linux 7.1.1,1分0秒,正常完成,男,山东省,济南市,天桥区,1年及以下,2000元及以下,比较能够,比较能够,比较能够,非常能够,比较能够,非常能够,非常能够,非常能够,比较能够,比较能够,非常能够,比较能够,比较能够,比较能够,技术研发人才,一般
34,47.88.155.31,,,,,,,,,2018-04-26 23:35:29,2018-04-26 23:37:27,Chrome 57.0.2987.132,Android Linux 6.0.1,1分58秒,正常完成,男,北京市,北京市,海淀区,1年及以下,5001-8000元,非常能够,非常能够,非常能够,非常能够,非常能够,非常能够,非常能够,一般,一般,一般,一般,一般,一般,一般,技术研发人才,不作考虑
35,27.221.102.89,,,,,,,,,2018-04-26 23:58:36,2018-04-27 00:03:19,Unknown Browser,iPhone iOS 11.2,4分43秒,正常完成,女,山东省,济南市,市中区,10年及以上,5001-8000元,比较能够,一般,非常能够,比较能够,比较能够,比较能够,比较能够,比较能够,非常能够,非常能够,非常能够,比较能够,非常能够,非常能够,其他,有较强的吸引力
36,112.38.217.37,,,,,,,,,2018-04-27 00:06:43,2018-04-27 00:08:59,Unknown Browser,iPhone iOS 11.0.3,2分16秒,正常完成,男,山东省,济南市,天桥区,1年及以下,2000元及以下,一般,比较能够,非常能够,非常能够,比较能够,非常能够,非常能够,比较能够,比较能够,比较能够,比较能够,比较能够,一般,一般,技术研发人才,有较强的吸引力
37,223.72.59.98,,,,,,,,,2018-04-27 00:24:55,2018-04-27 00:26:15,Chrome 57.0.2987.132,Android Linux 7.0,1分20秒,正常完成,男,北京市,北京市,朝阳区,4-5年,8001-12000元,一般,一般,一般,一般,一般,一般,一般,一般,一般,一般,一般,一般,一般,一般,技术研发人才,不作考虑
38,223.72.59.98,,,,,,,,,2018-04-27 00:26:39,2018-04-27 00:27:21,Chrome 57.0.2987.132,Android Linux 7.0,0分42秒,正常完成,女,北京市,北京市,东城区,1年及以下,3001-5000元,比较能够,比较能够,比较能够,比较能够,比较能够,比较能够,比较能够,比较能够,比较能够,比较能够,比较能够,比较能够,比较能够,比较能够,技术研发人才,有较强的吸引力
39,111.34.17.179,,,,,,,,,2018-04-27 00:36:53,2018-04-27 00:38:13,Chrome 57.0.2987.132,Android Linux 6.0.1,1分20秒,正常完成,男,山东省,济南市,历下区,1年及以下,5001-8000元,不能够,不能够,比较能够,比较能够,一般,非常能够,比较能够,一般,非常能够,非常能够,一般,非常能够,不能够,一般,金融从业者,一般
40,112.247.53.65,,,,,,,,,2018-04-27 00:43:26,2018-04-27 00:44:33,Unknown Browser,iPhone iOS 10.3.3,1分7秒,正常完成,男,山东省,菏泽市,巨野县,2-3年,2001-3000元,一般,一般,一般,一般,一般,一般,一般,一般,一般,一般,一般,一般,一般,一般,其他,一般
41,112.247.52.50,,,,,,,,,2018-04-27 00:46:17,2018-04-27 00:49:45,Chrome 57.0.2987.132,Android Linux 6.0.1,3分28秒,正常完成,女,山东省,菏泽市,巨野县,4-5年,2001-3000元,非常能够,非常能够,一般,比较能够,一般,一般,非常能够,一般,一般,一般,一般,非常能够,非常能够,一般,其他,有较强的吸引力
42,223.114.224.69,,,,,,,,,2018-04-27 01:30:06,2018-04-27 01:31:44,Chrome 57.0.2987.132,Android Linux 8.1,1分38秒,正常完成,男,山东省,菏泽市,巨野县,4-5年,5001-8000元,比较能够,一般,非常能够,一般,比较能够,比较能够,比较能够,一般,一般,一般,比较能够,一般,非常能够,非常能够,其他,有较强的吸引力
43,61.148.245.247,,,,,,,,,2018-04-27 02:11:06,2018-04-27 02:12:39,Chrome 57.0.2987.132,Android Linux 7.0,1分33秒,正常完成,女,北京市,北京市,海淀区,2-3年,5001-8000元,比较能够,非常能够,比较能够,一般,比较能够,非常能够,非常能够,非常能够,非常能够,非常能够,非常能够,非常能够,非常能够,比较能够,管理人员,有较强的吸引力
44,117.136.37.254,,,,,,,,,2018-04-27 05:18:19,2018-04-27 05:22:34,Chrome 57.0.2987.132,Android Linux 6.0,4分15秒,正常完成,男,山东省,济南市,槐荫区,1年及以下,3001-5000元,比较能够,非常能够,非常能够,非常能够,非常能够,非常能够,非常能够,不能够,一般,比较能够,非常能够,一般,比较能够,一般,技术研发人才,不作考虑
45,153.119.165.127,,,,,,,,,2018-04-27 07:00:37,2018-04-27 07:04:38,Chrome 57.0.2987.132,Android Linux 7.0,4分1秒,正常完成,女,山东省,菏泽市,巨野县,10年及以上,2000元及以下,非常能够,非常能够,非常能够,非常能够,非常能够,非常能够,比较能够,比较能够,非常能够,非常能够,非常能够,非常能够,非常能够,比较能够,教育科研,不二选择
46,223.104.2.51,,,,,,,,,2018-04-27 07:20:33,2018-04-27 07:22:56,Chrome 57.0.2987.132,Android Linux 7.1.2,2分23秒,正常完成,男,山东省,青岛市,即墨市,1年及以下,2000元及以下,不能够,不能够,比较能够,不能够,不能够,不能够,不能够,比较能够,一般,一般,一般,比较能够,比较能够,不能够,技术研发人才,不作考虑
47,117.136.37.249,,,,,,,,,2018-04-27 07:33:24,2018-04-27 07:34:57,Chrome 57.0.2987.132,Android Linux 6.0.1,1分33秒,正常完成,男,山东省,济南市,天桥区,2-3年,2000元及以下,一般,一般,一般,一般,一般,一般,一般,不能够,一般,一般,一般,一般,一般,一般,技工人才,一般
48,153.119.165.9,,,,,,,,,2018-04-27 08:19:23,2018-04-27 08:20:41,Unknown Browser,iPhone iOS 11.3,1分18秒,正常完成,男,山东省,菏泽市,巨野县,4-5年,3001-5000元,非常能够,非常能够,非常能够,非常能够,非常能够,非常能够,非常能够,一般,非常能够,一般,非常能够,非常能够,一般,非常能够,技工人才,不二选择
49,121.14.14.77,,,,,,,,,2018-04-27 08:38:06,2018-04-27 08:39:48,Opera,Android Linux 8.0,1分42秒,正常完成,女,广东省,深圳市,福田区,1年及以下,8001-12000元,比较能够,比较能够,非常能够,非常能够,非常能够,非常能够,非常能够,非常能够,非常能够,比较能够,非常能够,非常能够,非常能够,非常能够,技术研发人才,一般
50,222.85.106.223,,,,,,,,,2018-04-27 08:44:40,2018-04-27 08:46:02,Chrome 57.0.2987.132,Android Linux 7.1.1,1分22秒,正常完成,男,河南省,郑州市,金水区,2-3年,2001-3000元,非常能够,非常能够,非常能够,非常能够,非常能够,非常能够,非常能够,非常能够,非常能够,非常能够,非常能够,非常能够,非常能够,非常能够,技术研发人才,一般
51,59.125.78.141,,,,,,,,,2018-04-27 08:49:09,2018-04-27 08:50:27,Chrome 65.0.3325.181,Windows NT 10.0,1分18秒,正常完成,男,台湾,台湾,台北市,6-9年,2000元及以下,一般,一般,非常能够,一般,非常能够,非常能够,一般,一般,不能够,非常能够,非常能够,比较能够,一般,一般,教育科研,不作考虑
52,113.208.117.2,,,,,,,,,2018-04-27 09:01:14,2018-04-27 09:02:52,Chrome 57.0.2987.132,Android Linux 7.0,1分38秒,正常完成,男,山东省,济南市,历城区,2-3年,5001-8000元,一般,比较能够,一般,比较能够,一般,一般,一般,比较能够,一般,一般,比较能够,一般,一般,一般,技术研发人才,一般
53,211.103.172.114,,,,,,,,,2018-04-27 09:03:42,2018-04-27 09:04:53,Chrome 57.0.2987.98,Windows 7,1分11秒,正常完成,男,北京市,北京市,海淀区,1年及以下,3001-5000元,不能够,不能够,不能够,不能够,不能够,不能够,不能够,不能够,不能够,不能够,不能够,不能够,不能够,不能够,其他,不作考虑
54,117.136.37.95,,,,,,,,,2018-04-27 09:06:41,2018-04-27 09:08:14,Unknown Browser,iPhone iOS 11.3,1分33秒,正常完成,男,山东省,济南市,历城区,1年及以下,2000元及以下,不能够,不能够,不能够,不能够,一般,一般,不能够,不能够,一般,一般,一般,非常能够,一般,一般,技术研发人才,一般
55,114.92.215.148,,,,,,,,,2018-04-27 09:24:31,2018-04-27 09:25:51,Chrome 55.0.2883.87,Windows NT 10.0,1分20秒,正常完成,男,上海市,上海市,宝山区,6-9年,20000元以上,一般,一般,比较能够,一般,一般,一般,一般,比较能够,比较能够,比较能够,比较能够,一般,一般,一般,技术研发人才,不作考虑
56,183.129.167.44,,,,,,,,,2018-04-27 09:27:18,2018-04-27 09:28:23,Chrome 65.0.3325.181,MacOS Macintosh X 10.13.4,1分5秒,正常完成,男,浙江省,杭州市,西湖区,4-5年,20000元以上,非常能够,非常能够,非常能够,非常能够,非常能够,非常能够,非常能够,非常能够,非常能够,非常能够,非常能够,非常能够,非常能够,非常能够,技术研发人才,不作考虑
57,111.198.65.37,,,,,,,,,2018-04-27 09:30:01,2018-04-27 09:31:05,Firefox 59.0,Windows 7,1分4秒,正常完成,女,北京市,北京市,西城区,2-3年,12001-20000元,比较能够,比较能够,一般,非常能够,非常能够,非常能够,非常能够,比较能够,一般,比较能够,比较能够,比较能够,比较能够,一般,技术研发人才,一般
58,117.136.94.248,,,,,,,,,2018-04-27 09:31:18,2018-04-27 09:32:36,Chrome 57.0.2987.132,Android Linux 6.0.1,1分18秒,正常完成,男,山东省,济南市,长清区,1年及以下,2000元及以下,非常能够,非常能够,非常能够,非常能够,非常能够,非常能够,非常能够,非常能够,非常能够,非常能够,非常能够,非常能够,非常能够,非常能够,技术研发人才,一般
59,220.181.171.96,,,,,,,,,2018-04-27 09:37:01,2018-04-27 09:38:23,Unknown Browser,iPhone iOS 11.2.6,1分22秒,正常完成,男,北京市,北京市,朝阳区,2-3年,20000元以上,一般,一般,一般,一般,比较能够,比较能够,比较能够,比较能够,比较能够,比较能够,比较能够,比较能够,比较能够,比较能够,技术研发人才,一般
60,112.224.1.231,,,,,,,,,2018-04-27 10:00:08,2018-04-27 10:02:11,Chrome 57.0.2987.132,Android Linux 7.0,2分3秒,正常完成,女,山东省,济南市,长清区,1年及以下,3001-5000元,一般,一般,一般,不能够,不能够,不能够,一般,不能够,不能够,不能够,一般,比较能够,一般,比较能够,技术研发人才,一般
61,202.199.96.122,,,,,,,,,2018-04-27 10:18:19,2018-04-27 10:19:39,Microsoft Internet Explorer 11.0,Windows NT 10.0,1分20秒,正常完成,男,辽宁省,沈阳市,铁西区,10年及以上,5001-8000元,一般,一般,比较能够,比较能够,比较能够,比较能够,比较能够,比较能够,比较能够,比较能够,一般,比较能够,一般,比较能够,教育科研,一般
62,103.37.140.18,,,,,,,,,2018-04-27 10:21:30,2018-04-27 10:22:32,Chrome 65.0.3325.181,MacOS Macintosh X 10.11.6,1分2秒,正常完成,男,北京市,北京市,朝阳区,1年及以下,12001-20000元,非常能够,非常能够,非常能够,非常能够,非常能够,非常能够,比较能够,比较能够,比较能够,比较能够,比较能够,非常能够,非常能够,非常能够,技术研发人才,一般
63,218.26.154.73,,,,,,,,,2018-04-27 10:22:48,2018-04-27 10:23:44,Chrome 57.0.2987.132,Android Linux 6.0.1,0分56秒,正常完成,男,吉林省,长春市,九台区,1年及以下,2000元及以下,比较能够,比较能够,比较能够,非常能够,非常能够,比较能够,一般,不能够,一般,一般,一般,一般,比较能够,比较能够,金融从业者,有较强的吸引力
64,223.104.190.36,,,,,,,,,2018-04-27 10:25:40,2018-04-27 10:26:43,Unknown Browser,iPhone iOS 11.3,1分3秒,正常完成,男,山东省,济南市,天桥区,1年及以下,2000元及以下,比较能够,比较能够,非常能够,比较能够,一般,比较能够,一般,非常能够,非常能够,一般,一般,一般,一般,非常能够,管理人员,一般
65,223.104.190.25,,,,,,,,,2018-04-27 10:38:05,2018-04-27 10:39:35,Chrome 57.0.2987.132,Android Linux 5.1.1,1分30秒,正常完成,女,山东省,泰安市,岱岳区,1年及以下,2000元及以下,比较能够,一般,一般,比较能够,比较能够,比较能够,比较能够,比较能够,一般,一般,比较能够,比较能够,不能够,比较能够,教育科研,一般
66,117.136.78.101,,,,,,,,,2018-04-27 10:38:12,2018-04-27 10:39:55,Chrome 57.0.2987.132,Android Linux 5.1,1分43秒,正常完成,女,山东省,济宁市,任城区,1年及以下,2000元及以下,非常能够,非常能够,非常能够,非常能够,非常能够,非常能够,非常能够,非常能够,一般,非常能够,一般,非常能够,一般,比较能够,教育科研,不作考虑
67,223.104.189.209,,,,,,,,,2018-04-27 10:40:29,2018-04-27 10:42:30,Unknown Browser,iPhone iOS 11.0,2分1秒,正常完成,女,山东省,济南市,历下区,1年及以下,2001-3000元,一般,一般,一般,比较能够,比较能够,比较能够,不能够,一般,一般,比较能够,不能够,不能够,不能够,一般,管理人员,一般
68,112.224.69.155,,,,,,,,,2018-04-27 10:41:06,2018-04-27 10:42:44,Chrome 57.0.2987.132,Android Linux 6.0.1,1分38秒,正常完成,男,山东省,济南市,章丘市,6-9年,5001-8000元,一般,比较能够,不能够,不能够,一般,比较能够,一般,一般,一般,比较能够,一般,一般,不能够,一般,服务售后,不作考虑
69,223.104.186.208,,,,,,,,,2018-04-27 10:41:39,2018-04-27 10:43:31,Chrome 57.0.2987.132,Android Linux 5.1,1分52秒,正常完成,男,山东省,济宁市,任城区,10年及以上,2001-3000元,非常能够,非常能够,非常能够,比较能够,一般,一般,一般,一般,一般,比较能够,一般,一般,一般,非常能够,其他,有较强的吸引力
70,153.119.231.102,,,,,,,,,2018-04-27 10:43:24,2018-04-27 10:44:45,Chrome 57.0.2987.132,Android Linux 6.0.1,1分21秒,正常完成,女,山东省,济宁市,任城区,4-5年,2001-3000元,非常能够,非常能够,非常能够,比较能够,比较能够,比较能够,一般,比较能够,比较能够,比较能够,比较能够,一般,比较能够,一般,金融从业者,有较强的吸引力
71,222.175.171.130,,,,,,,,,2018-04-27 10:42:52,2018-04-27 10:44:56,Chrome 57.0.2987.132,Android Linux 7.0,2分4秒,正常完成,男,山东省,济宁市,任城区,6-9年,3001-5000元,一般,一般,一般,比较能够,比较能够,非常能够,非常能够,非常能够,比较能够,比较能够,比较能够,比较能够,一般,不能够,技工人才,一般
72,36.110.51.98,,,,,,,,,2018-04-27 11:07:25,2018-04-27 11:08:24,Chrome 66.0.3359.117,Windows 7,0分59秒,正常完成,男,北京市,北京市,朝阳区,1年及以下,20000元以上,不能够,一般,一般,不能够,不能够,不能够,一般,比较能够,比较能够,不能够,一般,非常能够,一般,一般,技术研发人才,不作考虑
73,111.59.124.144,,,,,,,,,2018-04-27 11:16:09,2018-04-27 11:18:23,Firefox 59.0,Windows 7,2分14秒,正常完成,男,江苏省,淮安市,清江浦区,1年及以下,2000元及以下,比较能够,比较能够,非常能够,比较能够,非常能够,非常能够,比较能够,非常能够,非常能够,比较能够,非常能够,非常能够,比较能够,比较能够,教育科研,一般
74,27.199.161.154,,,,,,,,,2018-04-27 11:26:30,2018-04-27 11:29:11,Chrome 57.0.2987.132,Android Linux 5.1,2分41秒,正常完成,男,山东省,济宁市,任城区,10年及以上,2001-3000元,比较能够,比较能够,一般,比较能够,比较能够,非常能够,比较能够,比较能够,比较能够,非常能够,非常能够,非常能够,非常能够,非常能够,技工人才,有较强的吸引力
75,111.37.28.192,,,,,,,,,2018-04-27 11:28:58,2018-04-27 11:31:53,Chrome 53.0.2785.49,Android Linux 4.4.4,2分55秒,正常完成,男,山东省,济宁市,任城区,10年及以上,2001-3000元,比较能够,非常能够,非常能够,一般,非常能够,一般,一般,非常能够,一般,一般,一般,一般,一般,一般,技工人才,有较强的吸引力
76,112.224.17.47,,,,,,,,,2018-04-27 11:39:30,2018-04-27 11:41:30,Chrome 57.0.2987.132,Android Linux 7.1.1,2分0秒,正常完成,男,山东省,济南市,历城区,4-5年,12001-20000元,一般,一般,一般,不能够,不能够,一般,一般,不能够,不能够,一般,一般,比较能够,不能够,一般,技术研发人才,一般
77,36.251.188.152,,,,,,,,,2018-04-27 12:36:19,2018-04-27 12:38:24,Unknown Browser,iPhone iOS 10.3.3,2分5秒,正常完成,女,福建省,泉州市,丰泽区,1年及以下,3001-5000元,一般,比较能够,非常能够,比较能够,非常能够,非常能够,比较能够,非常能够,比较能够,比较能够,非常能够,非常能够,比较能够,一般,金融从业者,不作考虑
78,171.127.254.201,,,,,,,,,2018-04-27 12:40:21,2018-04-27 12:43:49,Chrome 57.0.2987.132,Android Linux 7.0,3分28秒,正常完成,男,山东省,淄博市,淄川区,10年及以上,8001-12000元,比较能够,比较能够,比较能够,一般,一般,比较能够,一般,一般,比较能够,比较能够,非常能够,比较能够,比较能够,非常能够,其他,有较强的吸引力
79,117.136.37.68,,,,,,,,,2018-04-27 13:00:53,2018-04-27 13:02:25,Chrome 57.0.2987.132,Android Linux 7.1.1,1分32秒,正常完成,女,山东省,济南市,天桥区,1年及以下,2000元及以下,一般,比较能够,一般,比较能够,比较能够,比较能够,非常能够,非常能够,非常能够,非常能够,非常能够,非常能够,非常能够,非常能够,教育科研,不作考虑
80,124.128.158.36,,,,,,,,,2018-04-27 13:08:40,2018-04-27 13:09:38,Chrome 57.0.2987.132,Android Linux 7.1.2,0分58秒,正常完成,女,山东省,济南市,市中区,2-3年,2000元及以下,一般,一般,一般,比较能够,一般,比较能够,比较能够,比较能够,比较能够,比较能够,比较能够,比较能够,比较能够,比较能够,技术研发人才,一般
81,125.41.82.51,,,,,,,,,2018-04-27 16:02:14,2018-04-27 16:03:51,Chrome 65.0.3325.181,Windows 7,1分37秒,正常完成,男,河南省,郑州市,金水区,1年及以下,3001-5000元,不能够,比较能够,不能够,非常能够,非常能够,非常能够,非常能够,非常能够,非常能够,非常能够,非常能够,非常能够,非常能够,非常能够,技术研发人才,不作考虑
82,182.138.127.2,,,,,,,,,2018-04-27 16:03:36,2018-04-27 16:04:21,Chrome 66.0.3359.117,Windows NT 10.0,0分45秒,正常完成,男,北京市,北京市,东城区,1年及以下,2000元及以下,非常能够,非常能够,非常能够,非常能够,非常能够,非常能够,非常能够,非常能够,非常能够,非常能够,非常能够,非常能够,非常能够,非常能够,管理人员,不二选择
83,219.143.205.24,,,,,,,,,2018-04-27 16:22:12,2018-04-27 16:22:59,Chrome 65.0.3325.146,MacOS Macintosh X 10.13.1,0分47秒,正常完成,男,北京市,北京市,海淀区,1年及以下,2001-3000元,非常能够,非常能够,非常能够,非常能够,非常能够,非常能够,非常能够,非常能够,非常能够,非常能够,非常能够,非常能够,非常能够,非常能够,技术研发人才,不作考虑
84,223.72.56.207,,,,,,,,,2018-04-27 16:25:57,2018-04-27 16:27:19,Chrome 64.0.3282.186,Windows 7,1分22秒,正常完成,男,北京市,北京市,昌平区,2-3年,2000元及以下,一般,非常能够,非常能够,非常能够,非常能够,非常能够,比较能够,比较能够,非常能够,非常能够,非常能够,非常能够,非常能够,比较能够,技术研发人才,有较强的吸引力
85,115.238.39.235,,,,,,,,,2018-04-27 16:27:08,2018-04-27 16:28:23,Chrome 66.0.3359.117,Windows NT 10.0,1分15秒,正常完成,男,浙江省,杭州市,余杭区,4-5年,12001-20000元,比较能够,比较能够,比较能够,非常能够,非常能够,非常能够,非常能够,非常能够,比较能够,比较能够,非常能够,比较能够,非常能够,非常能够,技术研发人才,一般
86,58.246.3.10,,,,,,,,,2018-04-27 16:25:21,2018-04-27 16:28:53,Microsoft Internet Explorer 11.0,Windows 7,3分32秒,正常完成,男,上海市,上海市,浦东新区,1年及以下,5001-8000元,比较能够,比较能够,非常能够,比较能够,非常能够,非常能够,非常能够,非常能够,一般,非常能够,非常能够,非常能够,非常能够,不能够,技术研发人才,不作考虑
87,117.136.77.60,,,,,,,,,2018-04-27 16:27:39,2018-04-27 16:28:59,Chrome 57.0.2987.132,Android Linux 8.0,1分20秒,正常完成,男,山东省,济南市,天桥区,1年及以下,2000元及以下,比较能够,比较能够,比较能够,非常能够,非常能够,非常能够,非常能够,非常能够,比较能够,比较能够,非常能够,比较能够,比较能够,一般,技术研发人才,一般
88,27.115.105.149,,,,,,,,,2018-04-27 16:29:09,2018-04-27 16:31:02,Firefox 59.0,Windows 7,1分53秒,正常完成,男,上海市,上海市,浦东新区,2-3年,3001-5000元,非常能够,非常能够,非常能够,比较能够,非常能够,非常能够,非常能够,比较能够,比较能够,比较能够,非常能够,非常能够,比较能够,比较能够,技术研发人才,一般
89,27.0.232.181,,,,,,,,,2018-04-27 16:30:25,2018-04-27 16:32:02,Chrome 60.0.3112.78,Android Linux 7.1.2,1分37秒,正常完成,男,广西壮族自治区,北海市,铁山港区,1年及以下,2000元及以下,比较能够,一般,一般,非常能够,非常能够,非常能够,非常能够,非常能够,非常能够,不能够,不能够,比较能够,一般,一般,技术研发人才,不作考虑
90,104.228.171.254,,,,,,,,,2018-04-27 16:33:34,2018-04-27 16:34:53,Chrome 66.0.3359.117,Windows NT 10.0,1分19秒,正常完成,男,四川省,成都市,武侯区,1年及以下,8001-12000元,一般,非常能够,比较能够,一般,一般,一般,一般,一般,一般,一般,一般,一般,一般,一般,技术研发人才,一般
91,223.112.17.3,,,,,,,,,2018-04-27 16:36:44,2018-04-27 16:38:14,Chrome 55.0.2883.87,Windows NT 10.0,1分30秒,正常完成,男,北京市,北京市,海淀区,2-3年,12001-20000元,比较能够,非常能够,非常能够,比较能够,比较能够,比较能够,比较能够,非常能够,比较能够,比较能够,非常能够,一般,一般,一般,技术研发人才,一般
92,124.127.244.7,,,,,,,,,2018-04-27 16:41:17,2018-04-27 16:41:58,Chrome 45.0.2454.101,Windows NT 10.0,0分41秒,正常完成,女,山东省,济南市,市中区,6-9年,8001-12000元,非常能够,一般,一般,比较能够,比较能够,一般,一般,一般,一般,比较能够,比较能够,一般,不能够,不能够,管理人员,不二选择
93,114.249.30.192,,,,,,,,,2018-04-27 17:01:02,2018-04-27 17:02:19,Chrome 57.0.2987.132,Android Linux 7.0,1分17秒,正常完成,女,北京市,北京市,海淀区,1年及以下,2000元及以下,一般,比较能够,一般,比较能够,一般,一般,不能够,不能够,不能够,不能够,一般,一般,比较能够,比较能够,其他,一般
94,106.121.58.204,,,,,,,,,2018-04-27 17:04:16,2018-04-27 17:06:49,Chrome 57.0.2987.132,Android Linux 7.1.2,2分33秒,正常完成,男,北京市,北京市,海淀区,10年及以上,12001-20000元,比较能够,比较能够,比较能够,非常能够,比较能够,比较能够,比较能够,比较能够,比较能够,非常能够,比较能够,比较能够,比较能够,比较能够,管理人员,有较强的吸引力
95,222.173.10.194,,,,,,,,,2018-04-27 17:07:32,2018-04-27 17:09:38,Chrome 63.0.3239.132,Windows NT 10.0,2分6秒,正常完成,男,山东省,济南市,天桥区,1年及以下,2000元及以下,一般,不能够,一般,比较能够,比较能够,比较能够,一般,不能够,一般,一般,一般,一般,一般,一般,技术研发人才,一般
96,117.136.37.92,,,,,,,,,2018-04-27 17:16:22,2018-04-27 17:20:10,Chrome 57.0.2987.132,Android Linux 7.1.1,3分48秒,正常完成,女,山东省,菏泽市,曹县,1年及以下,2001-3000元,一般,比较能够,一般,比较能够,一般,一般,一般,一般,一般,一般,一般,一般,比较能够,一般,销售人才,一般
97,117.136.45.216,,,,,,,,,2018-04-27 17:23:22,2018-04-27 17:24:25,Chrome 57.0.2987.132,Android Linux 7.1.1,1分3秒,正常完成,女,江苏省,镇江市,京口区,1年及以下,2000元及以下,非常能够,非常能够,非常能够,非常能够,非常能够,非常能够,非常能够,非常能够,不能够,不能够,不能够,非常能够,非常能够,非常能够,教育科研,不作考虑
98,111.161.57.142,,,,,,,,,2018-04-27 17:31:27,2018-04-27 17:33:31,Chrome 37.0.0.0,Android Linux 6.0.1,2分4秒,正常完成,男,山东省,济南市,市中区,10年及以上,5001-8000元,非常能够,非常能够,非常能够,比较能够,非常能够,非常能够,非常能够,非常能够,非常能够,一般,非常能够,非常能够,非常能够,一般,技工人才,一般
99,39.64.109.249,,,,,,,,,2018-04-27 17:34:48,2018-04-27 17:36:24,Chrome 57.0.2987.132,Android Linux 7.0,1分36秒,正常完成,女,山东省,济南市,市中区,10年及以上,3001-5000元,非常能够,比较能够,比较能够,比较能够,非常能够,非常能够,非常能够,比较能够,非常能够,非常能够,非常能够,非常能够,非常能够,一般,医疗,不二选择
100,144.0.164.25,,,,,,,,,2018-04-27 17:44:49,2018-04-27 17:46:17,Chrome 57.0.2987.132,Android Linux 5.1,1分28秒,正常完成,女,山东省,菏泽市,曹县,4-5年,3001-5000元,比较能够,比较能够,比较能够,比较能够,一般,一般,一般,一般,比较能够,比较能够,一般,比较能够,一般,一般,技工人才,一般
101,111.196.69.250,,,,,,,,,2018-04-27 18:02:45,2018-04-27 18:04:35,Unknown Browser,iPhone iOS 11.2.6,1分50秒,正常完成,男,北京市,北京市,海淀区,1年及以下,2000元及以下,非常能够,非常能够,非常能够,非常能够,非常能够,非常能够,非常能够,比较能够,非常能够,非常能够,非常能够,非常能够,非常能够,非常能够,管理人员,不二选择
102,112.38.217.38,,,,,,,,,2018-04-27 18:11:35,2018-04-27 18:12:49,Chrome 57.0.2987.132,Android Linux 7.0,1分14秒,正常完成,男,山东省,济南市,天桥区,1年及以下,5001-8000元,比较能够,比较能够,比较能够,比较能够,比较能够,比较能够,比较能够,比较能够,比较能够,比较能够,比较能够,比较能够,比较能够,比较能够,其他,有较强的吸引力
103,223.98.74.156,,,,,,,,,2018-04-27 18:35:27,2018-04-27 18:37:17,Chrome 57.0.2987.132,Android Linux 6.0.1,1分50秒,正常完成,男,山东省,菏泽市,曹县,6-9年,3001-5000元,一般,一般,一般,一般,一般,一般,一般,一般,一般,一般,一般,一般,一般,一般,其他,不作考虑
104,202.43.148.172,,,,,,,,,2018-04-27 19:12:26,2018-04-27 19:13:56,Chrome 63.0.3239.84,Windows NT 10.0,1分30秒,正常完成,男,山东省,济南市,历城区,1年及以下,2000元及以下,比较能够,比较能够,非常能够,非常能够,比较能够,非常能够,非常能够,非常能够,一般,一般,非常能够,一般,非常能够,非常能够,技术研发人才,一般
105,117.136.94.249,,,,,,,,,2018-04-27 19:24:10,2018-04-27 19:25:22,Chrome 57.0.2987.132,Android Linux 5.1,1分12秒,正常完成,女,山东省,济南市,槐荫区,2-3年,3001-5000元,非常能够,非常能够,比较能够,非常能够,非常能够,比较能够,比较能够,比较能够,非常能够,一般,非常能够,比较能够,比较能够,非常能够,管理人员,有较强的吸引力
106,117.136.77.177,,,,,,,,,2018-04-27 19:27:44,2018-04-27 19:29:19,Chrome 57.0.2987.132,Android Linux 5.1.1,1分35秒,正常完成,男,北京市,北京市,朝阳区,1年及以下,20000元以上,比较能够,比较能够,非常能够,非常能够,非常能够,非常能够,非常能够,非常能够,一般,非常能够,一般,一般,不能够,比较能够,管理人员,不作考虑
107,117.136.94.249,,,,,,,,,2018-04-27 19:29:27,2018-04-27 19:30:02,Chrome 57.0.2987.132,Android Linux 5.1,0分35秒,正常完成,男,山西省,晋城市,沁水县,1年及以下,3001-5000元,非常能够,比较能够,比较能够,非常能够,比较能够,非常能够,非常能够,比较能够,比较能够,非常能够,非常能够,非常能够,一般,比较能够,销售人才,有较强的吸引力
108,117.136.94.240,,,,,,,,,2018-04-27 19:28:36,2018-04-27 19:30:14,Chrome 57.0.2987.132,Android Linux 7.0,1分38秒,正常完成,男,山东省,济南市,天桥区,10年及以上,20000元以上,一般,一般,比较能够,一般,一般,一般,非常能够,一般,一般,一般,一般,不能够,不能够,一般,技术研发人才,一般
109,112.224.19.26,,,,,,,,,2018-04-27 19:35:25,2018-04-27 19:36:41,Unknown Browser,iPhone iOS 11.3,1分16秒,正常完成,男,山东省,菏泽市,曹县,6-9年,20000元以上,一般,非常能够,非常能够,非常能够,非常能够,非常能够,非常能够,非常能够,非常能够,非常能够,非常能够,非常能够,非常能够,非常能够,管理人员,不二选择
110,218.107.55.252,,,,,,,,,2018-04-27 19:41:15,2018-04-27 19:44:55,Chrome 57.0.2987.132,Android Linux 6.0,3分40秒,正常完成,男,广东省,广州市,天河区,1年及以下,2001-3000元,比较能够,非常能够,非常能够,比较能够,非常能够,比较能够,非常能够,一般,一般,比较能够,一般,比较能够,一般,比较能够,技术研发人才,一般
111,115.231.11.208,,,,,,,,,2018-04-27 20:07:47,2018-04-27 20:09:47,Unknown Browser,iPhone iOS 11.3,2分0秒,正常完成,女,北京市,北京市,海淀区,10年及以上,3001-5000元,一般,比较能够,比较能够,比较能够,比较能够,一般,一般,一般,一般,一般,一般,一般,比较能够,比较能够,管理人员,一般
112,117.136.93.230,,,,,,,,,2018-04-27 20:37:42,2018-04-27 20:39:13,Chrome 57.0.2987.132,Android Linux 7.0,1分31秒,正常完成,女,山东省,泰安市,岱岳区,1年及以下,2000元及以下,不能够,一般,一般,一般,一般,比较能够,不能够,比较能够,一般,比较能够,一般,非常能够,一般,一般,其他,不作考虑
113,223.104.186.254,,,,,,,,,2018-04-27 20:39:19,2018-04-27 20:40:25,Chrome 57.0.2987.132,Android Linux 5.1.1,1分6秒,正常完成,女,山东省,淄博市,张店区,1年及以下,2000元及以下,非常能够,比较能够,非常能够,比较能够,比较能够,比较能够,非常能够,比较能够,比较能够,非常能够,比较能够,比较能够,非常能够,比较能够,管理人员,一般
114,223.104.190.45,,,,,,,,,2018-04-27 20:39:55,2018-04-27 20:41:20,Chrome 57.0.2987.132,Android Linux 7.1.1,1分25秒,正常完成,男,山东省,济南市,历城区,2-3年,5001-8000元,一般,一般,一般,一般,一般,一般,一般,不能够,比较能够,比较能够,一般,一般,不能够,一般,技工人才,一般
115,223.71.166.247,,,,,,,,,2018-04-27 20:45:57,2018-04-27 20:47:51,Chrome 57.0.2987.132,Android Linux 7.1.2,1分54秒,正常完成,男,北京市,北京市,海淀区,2-3年,5001-8000元,比较能够,比较能够,非常能够,比较能够,比较能够,比较能够,比较能够,比较能够,比较能够,比较能够,比较能够,比较能够,比较能够,比较能够,技术研发人才,一般
116,117.136.94.249,,,,,,,,,2018-04-27 21:41:06,2018-04-27 21:41:51,Chrome 57.0.2987.132,Android Linux 5.1,0分45秒,正常完成,女,河南省,平顶山市,新华区,6-9年,8001-12000元,比较能够,比较能够,比较能够,非常能够,比较能够,比较能够,比较能够,比较能够,比较能够,比较能够,比较能够,比较能够,比较能够,比较能够,医疗,不二选择
117,223.104.186.51,,,,,,,,,2018-04-27 21:42:44,2018-04-27 21:43:30,Chrome 57.0.2987.132,Android Linux 7.1.2,0分46秒,正常完成,男,山东省,济南市,市中区,1年及以下,5001-8000元,一般,比较能够,一般,比较能够,比较能够,比较能够,比较能够,比较能够,一般,比较能够,一般,比较能够,一般,一般,销售人才,很不喜欢
118,117.136.94.112,,,,,,,,,2018-04-27 21:54:08,2018-04-27 21:55:36,Chrome 57.0.2987.132,Android Linux 7.1.1,1分28秒,正常完成,女,山东省,济南市,天桥区,1年及以下,2000元及以下,比较能够,非常能够,非常能够,比较能够,比较能够,非常能够,非常能够,非常能够,非常能够,非常能够,非常能够,非常能够,比较能够,比较能够,管理人员,一般
119,111.32.48.144,,,,,,,,,2018-04-27 21:57:43,2018-04-27 21:59:26,Chrome 55.0.2883.87,Windows NT 10.0,1分43秒,正常完成,男,天津市,天津市,红桥区,1年及以下,2000元及以下,非常能够,非常能够,非常能够,比较能够,比较能够,非常能够,非常能够,非常能够,非常能够,非常能够,非常能够,比较能够,比较能够,比较能够,技术研发人才,一般
120,36.23.75.222,,,,,,,,,2018-04-27 22:15:39,2018-04-27 22:16:57,Chrome 57.0.2987.132,Android Linux 7.1.1,1分18秒,正常完成,男,浙江省,嘉兴市,桐乡市,1年及以下,2000元及以下,不能够,非常能够,非常能够,非常能够,非常能够,非常能够,非常能够,非常能够,非常能够,非常能够,非常能够,非常能够,非常能够,非常能够,管理人员,一般
121,117.136.94.105,,,,,,,,,2018-04-27 22:14:40,2018-04-27 22:17:02,Chrome 57.0.2987.132,Android Linux 7.1.1,2分22秒,正常完成,男,山东省,济南市,市中区,2-3年,3001-5000元,一般,非常能够,非常能够,非常能够,比较能够,非常能够,非常能够,一般,非常能够,非常能够,非常能够,非常能够,一般,非常能够,其他,有较强的吸引力
122,222.173.10.194,,,,,,,,,2018-04-27 22:24:40,2018-04-27 22:25:41,Chrome 62.0.3202.62,Windows NT 10.0,1分1秒,正常完成,男,山东省,济南市,历下区,4-5年,3001-5000元,比较能够,比较能够,比较能够,比较能够,非常能够,比较能够,非常能够,比较能够,非常能够,比较能够,比较能够,比较能够,比较能够,比较能够,技工人才,有较强的吸引力
123,112.38.217.37,,,,,,,,,2018-04-27 22:34:09,2018-04-27 22:35:19,Chrome 53.0.2785.49,Android Linux 6.0,1分10秒,正常完成,女,山东省,济南市,天桥区,1年及以下,2000元及以下,非常能够,非常能够,非常能够,非常能够,非常能够,非常能够,非常能够,非常能够,比较能够,比较能够,非常能够,非常能够,非常能够,非常能够,管理人员,一般
124,183.131.184.83,,,,,,,,,2018-04-27 22:45:19,2018-04-27 22:46:43,Unknown Browser,iPhone iOS 11.3,1分24秒,正常完成,男,山东省,济南市,市中区,1年及以下,3001-5000元,比较能够,比较能够,非常能够,非常能够,比较能够,比较能够,比较能够,非常能够,非常能够,非常能够,非常能够,比较能够,一般,比较能够,管理人员,不二选择
125,223.104.190.19,,,,,,,,,2018-04-27 22:54:33,2018-04-27 22:56:24,Chrome 57.0.2987.132,Android Linux 7.0,1分51秒,正常完成,男,山东省,济南市,天桥区,2-3年,2000元及以下,不能够,不能够,一般,一般,比较能够,比较能够,比较能够,不能够,比较能够,不能够,非常能够,比较能够,不能够,比较能够,技工人才,一般
126,112.38.217.37,,,,,,,,,2018-04-27 23:03:34,2018-04-27 23:04:39,Chrome 57.0.2987.132,Android Linux 5.1,1分5秒,正常完成,男,山东省,济南市,槐荫区,4-5年,5001-8000元,比较能够,比较能够,比较能够,比较能够,比较能够,非常能够,比较能够,非常能够,非常能够,比较能够,比较能够,比较能够,比较能够,比较能够,技术研发人才,有较强的吸引力
127,123.232.189.55,,,,,,,,,2018-04-27 23:04:25,2018-04-27 23:06:26,Chrome 57.0.2987.132,Android Linux 8.0,2分1秒,正常完成,男,山东省,济南市,历下区,10年及以上,20000元以上,一般,一般,比较能够,不能够,一般,一般,非常能够,非常能够,非常能够,一般,比较能够,比较能够,一般,比较能够,管理人员,一般
128,117.136.37.76,,,,,,,,,2018-04-27 23:18:58,2018-04-27 23:21:47,Chrome 57.0.2987.132,Android Linux 7.1.1,2分49秒,正常完成,男,上海市,上海市,浦东新区,2-3年,3001-5000元,不能够,一般,非常能够,比较能够,比较能够,比较能够,比较能够,一般,比较能够,一般,一般,比较能够,一般,一般,其他,不作考虑
129,122.97.175.162,,,,,,,,,2018-04-27 23:19:18,2018-04-27 23:22:01,Chrome 57.0.2987.132,Android Linux 6.0,2分43秒,正常完成,女,上海市,上海市,杨浦区,1年及以下,5001-8000元,比较能够,不能够,一般,比较能够,比较能够,比较能够,比较能够,一般,一般,一般,比较能够,一般,一般,一般,医疗,一般
130,223.104.190.48,,,,,,,,,2018-04-27 23:32:28,2018-04-27 23:34:04,Chrome 57.0.2987.132,Android Linux 7.0,1分36秒,正常完成,男,山东省,济南市,天桥区,1年及以下,2000元及以下,不能够,比较能够,比较能够,一般,一般,一般,比较能够,一般,一般,不能够,比较能够,不能够,不能够,比较能够,其他,有较强的吸引力
131,117.136.70.41,,,,,,,,,2018-04-28 00:16:55,2018-04-28 00:18:20,Chrome 57.0.2987.132,Android Linux 6.0.1,1分25秒,正常完成,女,山东省,淄博市,张店区,1年及以下,2001-3000元,非常能够,非常能够,比较能够,一般,比较能够,非常能够,非常能够,非常能够,比较能够,一般,比较能够,一般,非常能够,一般,金融从业者,很不喜欢
132,183.192.58.252,,,,,,,,,2018-04-28 02:25:48,2018-04-28 02:27:21,Unknown Browser,iPhone iOS 11.2.6,1分33秒,正常完成,女,上海市,上海市,徐汇区,1年及以下,2000元及以下,一般,一般,比较能够,不能够,一般,一般,不能够,比较能够,不能够,一般,一般,非常能够,非常能够,比较能够,医疗,不作考虑
133,223.104.2.6,,,,,,,,,2018-04-28 07:08:51,2018-04-28 07:09:46,Chrome 57.0.2987.132,Android Linux 5.1,0分55秒,正常完成,男,河北省,唐山市,古冶区,4-5年,8001-12000元,比较能够,非常能够,非常能够,非常能够,非常能够,比较能够,比较能够,一般,比较能够,非常能够,比较能够,比较能够,比较能够,非常能够,管理人员,有较强的吸引力
134,223.104.2.6,,,,,,,,,2018-04-28 07:09:49,2018-04-28 07:10:47,Chrome 57.0.2987.132,Android Linux 5.1,0分58秒,正常完成,男,山东省,济南市,天桥区,10年及以上,20000元以上,非常能够,非常能够,比较能够,非常能够,比较能够,比较能够,比较能够,比较能够,比较能够,比较能够,比较能够,非常能够,比较能够,比较能够,技工人才,不二选择
135,139.207.88.161,,,,,,,,,2018-04-28 07:09:34,2018-04-28 07:11:30,Opera,Android Linux 8.0,1分56秒,正常完成,男,四川省,宜宾市,宜宾县,1年及以下,2000元及以下,不能够,一般,一般,一般,一般,一般,一般,一般,一般,一般,一般,一般,一般,一般,其他,不作考虑
136,223.104.2.6,,,,,,,,,2018-04-28 07:10:53,2018-04-28 07:11:44,Chrome 57.0.2987.132,Android Linux 5.1,0分51秒,正常完成,女,辽宁省,鞍山市,铁东区,2-3年,2001-3000元,比较能够,比较能够,比较能够,比较能够,比较能够,非常能够,非常能够,比较能够,比较能够,一般,非常能够,比较能够,比较能够,比较能够,技工人才,一般
137,123.233.71.240,,,,,,,,,2018-04-28 07:10:03,2018-04-28 07:12:28,Chrome 57.0.2987.132,Android Linux 8.0,2分25秒,正常完成,女,山东省,济南市,历下区,4-5年,8001-12000元,一般,一般,比较能够,一般,一般,一般,一般,比较能够,一般,一般,一般,比较能够,一般,一般,技术研发人才,一般
138,223.104.2.6,,,,,,,,,2018-04-28 07:13:24,2018-04-28 07:14:15,Chrome 57.0.2987.132,Android Linux 5.1,0分51秒,正常完成,男,河北省,秦皇岛市,北戴河区,4-5年,3001-5000元,比较能够,比较能够,比较能够,非常能够,比较能够,一般,比较能够,比较能够,比较能够,比较能够,比较能够,比较能够,比较能够,比较能够,教育科研,一般
139,111.37.21.219,,,,,,,,,2018-04-28 07:25:10,2018-04-28 07:26:31,Chrome 57.0.2987.132,Android Linux 7.1.2,1分21秒,正常完成,女,北京市,北京市,西城区,1年及以下,2000元及以下,非常能够,比较能够,非常能够,非常能够,比较能够,非常能够,非常能够,非常能够,非常能够,非常能够,非常能够,非常能够,非常能够,比较能够,其他,不二选择
140,171.210.45.19,,,,,,,,,2018-04-28 07:25:04,2018-04-28 07:27:10,Opera,Android Linux 8.0,2分6秒,正常完成,男,四川省,雅安市,雨城区,1年及以下,8001-12000元,一般,比较能够,比较能够,比较能够,非常能够,非常能够,非常能够,比较能够,一般,一般,比较能够,比较能够,比较能够,比较能够,技术研发人才,不作考虑
141,117.136.37.16,,,,,,,,,2018-04-28 08:49:18,2018-04-28 08:51:04,Chrome 57.0.2987.132,Android Linux 5.1.1,1分46秒,正常完成,男,山东省,菏泽市,牡丹区,2-3年,2001-3000元,比较能够,比较能够,比较能够,比较能够,比较能够,比较能够,比较能够,一般,一般,一般,比较能够,比较能够,比较能够,比较能够,医疗,有较强的吸引力
142,116.114.179.139,,,,,,,,,2018-04-28 08:53:20,2018-04-28 08:55:03,Chrome 57.0.2987.132,Android Linux 7.1.1,1分43秒,正常完成,男,山东省,济南市,历城区,6-9年,2000元及以下,一般,一般,比较能够,不能够,一般,一般,不能够,不能够,一般,不能够,不能够,一般,不能够,一般,销售人才,不作考虑
143,219.148.202.70,,,,,,,,,2018-04-28 10:11:38,2018-04-28 10:14:35,Unknown Browser,iPhone iOS 8.2,2分57秒,正常完成,女,辽宁省,沈阳市,和平区,1年及以下,2000元及以下,比较能够,比较能够,非常能够,比较能够,比较能够,非常能够,非常能够,非常能够,非常能够,非常能够,非常能够,非常能够,非常能够,非常能够,医疗,有较强的吸引力
144,123.233.171.34,,,,,,,,,2018-04-28 11:06:18,2018-04-28 11:07:27,Chrome 57.0.2987.132,Android Linux 4.3,1分9秒,正常完成,女,山东省,济南市,市中区,1年及以下,2000元及以下,比较能够,非常能够,比较能够,比较能够,非常能够,非常能够,非常能够,非常能够,比较能够,比较能够,比较能够,比较能够,不能够,比较能够,医疗,有较强的吸引力
145,113.128.85.93,,,,,,,,,2018-04-28 11:08:40,2018-04-28 11:09:33,Chrome 57.0.2987.132,Android Linux 8.0,0分53秒,正常完成,女,山东省,济南市,历下区,1年及以下,20000元以上,非常能够,非常能够,非常能够,非常能够,非常能够,非常能够,非常能够,非常能够,非常能够,非常能够,非常能够,非常能够,非常能够,非常能够,管理人员,有较强的吸引力
146,223.104.190.108,,,,,,,,,2018-04-28 11:08:28,2018-04-28 11:09:56,Chrome 57.0.2987.132,Android Linux 7.1.2,1分28秒,正常完成,女,山东省,济南市,历下区,1年及以下,2000元及以下,比较能够,非常能够,比较能够,比较能够,比较能够,比较能够,比较能够,比较能够,比较能够,比较能够,非常能够,非常能够,比较能够,非常能够,管理人员,有较强的吸引力
147,223.104.190.8,,,,,,,,,2018-04-28 11:08:11,2018-04-28 11:10:01,Chrome 55.0.2883.91,Android Linux 6.0,1分50秒,正常完成,女,山东省,淄博市,张店区,1年及以下,2000元及以下,非常能够,非常能够,非常能够,非常能够,非常能够,非常能够,非常能够,非常能够,非常能够,非常能够,非常能够,非常能够,非常能够,非常能够,其他,一般
148,112.224.2.111,,,,,,,,,2018-04-28 11:09:07,2018-04-28 11:10:42,Chrome 57.0.2987.132,Android Linux 7.0,1分35秒,正常完成,女,山东省,济南市,历下区,1年及以下,2000元及以下,比较能够,非常能够,非常能够,一般,一般,非常能够,比较能够,比较能够,一般,一般,非常能够,非常能够,比较能够,一般,教育科研,一般
149,112.224.22.71,,,,,,,,,2018-04-28 11:10:43,2018-04-28 11:11:41,Chrome 57.0.2987.132,Android Linux 6.0,0分58秒,正常完成,女,山东省,潍坊市,诸城市,1年及以下,2000元及以下,非常能够,非常能够,非常能够,非常能够,非常能够,非常能够,非常能够,非常能够,非常能够,非常能够,非常能够,非常能够,非常能够,非常能够,管理人员,不二选择
150,223.104.186.200,,,,,,,,,2018-04-28 11:10:20,2018-04-28 11:11:54,Chrome 57.0.2987.132,Android Linux 5.1.1,1分34秒,正常完成,女,山东省,济南市,历城区,1年及以下,2000元及以下,不能够,一般,一般,一般,比较能够,比较能够,一般,比较能够,一般,比较能够,比较能够,比较能够,非常能够,比较能够,技工人才,一般
151,112.224.21.112,,,,,,,,,2018-04-28 11:10:50,2018-04-28 11:12:11,Chrome 57.0.2987.132,Android Linux 7.0,1分21秒,正常完成,女,山东省,济南市,历城区,1年及以下,2000元及以下,比较能够,比较能够,比较能够,比较能够,比较能够,比较能够,比较能够,比较能够,比较能够,比较能够,比较能够,比较能够,比较能够,比较能够,管理人员,有较强的吸引力
152,112.224.2.48,,,,,,,,,2018-04-28 11:11:01,2018-04-28 11:12:57,Chrome 57.0.2987.132,Android Linux 5.1,1分56秒,正常完成,女,山东省,济南市,历下区,1年及以下,3001-5000元,一般,一般,一般,一般,一般,一般,一般,一般,一般,一般,一般,一般,不能够,一般,教育科研,一般
153,223.96.145.240,,,,,,,,,2018-04-28 11:12:50,2018-04-28 11:14:21,Chrome 57.0.2987.132,Android Linux 6.0,1分31秒,正常完成,男,山东省,济南市,历下区,10年及以上,20000元以上,比较能够,比较能够,非常能够,非常能够,非常能够,非常能够,比较能够,比较能够,比较能够,比较能够,比较能够,比较能够,非常能够,比较能够,其他,一般
154,117.136.56.248,,,,,,,,,2018-04-28 11:14:15,2018-04-28 11:15:27,Unknown Browser,iPhone iOS 11.3,1分12秒,正常完成,男,黑龙江省,哈尔滨市,南岗区,1年及以下,2000元及以下,一般,一般,一般,一般,一般,一般,一般,一般,比较能够,一般,一般,一般,一般,一般,教育科研,一般
155,117.136.77.38,,,,,,,,,2018-04-28 11:59:42,2018-04-28 12:00:43,Chrome 57.0.2987.132,Android Linux 5.1.1,1分1秒,正常完成,男,山东省,济南市,历下区,1年及以下,2000元及以下,一般,比较能够,非常能够,非常能够,比较能够,比较能够,一般,一般,比较能够,一般,比较能够,非常能够,比较能够,非常能够,金融从业者,有较强的吸引力
156,117.136.94.173,,,,,,,,,2018-04-28 12:12:16,2018-04-28 12:14:51,Chrome 37.0.0.0,Android Linux 5.0.2,2分35秒,正常完成,男,山东省,济南市,章丘市,1年及以下,2000元及以下,非常能够,非常能够,非常能够,比较能够,非常能够,非常能够,非常能够,非常能够,非常能够,非常能够,非常能够,非常能够,非常能够,非常能够,管理人员,一般
157,223.104.11.31,,,,,,,,,2018-04-28 12:24:20,2018-04-28 12:25:35,Chrome 57.0.2987.132,Android Linux 5.0.2,1分15秒,正常完成,男,山东省,济南市,平阴县,1年及以下,2000元及以下,一般,一般,非常能够,比较能够,一般,比较能够,非常能够,比较能够,不能够,一般,不能够,比较能够,不能够,比较能够,技术研发人才,一般
158,59.42.110.216,,,,,,,,,2018-04-28 15:17:26,2018-04-28 15:19:00,Chrome 58.0.3029.110,Windows NT 10.0,1分34秒,正常完成,男,山东省,济南市,历下区,4-5年,12001-20000元,不能够,不能够,不能够,不能够,不能够,一般,一般,一般,一般,一般,比较能够,比较能够,不能够,一般,管理人员,不二选择
159,58.56.96.29,,,,,,,,,2018-04-28 15:41:19,2018-04-28 15:43:31,Chrome 58.0.3029.110,Windows NT 10.0,2分12秒,正常完成,男,山东省,济南市,市中区,4-5年,8001-12000元,非常能够,非常能够,非常能够,非常能够,非常能够,非常能够,非常能够,非常能够,不能够,非常能够,非常能够,非常能够,非常能够,比较能够,技术研发人才,一般
160,223.104.2.6,,,,,,,,,2018-04-28 16:03:55,2018-04-28 16:04:30,Chrome 57.0.2987.132,Android Linux 5.1,0分35秒,正常完成,男,北京市,北京市,丰台区,6-9年,20000元以上,比较能够,比较能够,非常能够,非常能够,非常能够,非常能够,比较能够,非常能够,非常能够,非常能够,非常能够,非常能够,非常能够,非常能够,金融从业者,很不喜欢
161,121.22.249.80,,,,,,,,,2018-04-28 19:36:46,2018-04-28 19:38:29,Unknown Browser,iPhone iOS 11.3,1分43秒,正常完成,男,山东省,济南市,历下区,4-5年,5001-8000元,一般,一般,非常能够,比较能够,一般,不能够,一般,不能够,不能够,比较能够,一般,一般,不能够,一般,技术研发人才,不作考虑
162,112.38.217.37,,,,,,,,,2018-04-28 21:57:28,2018-04-28 21:58:10,Chrome 57.0.2987.132,Android Linux 5.1,0分42秒,正常完成,男,山东省,济南市,商河县,6-9年,20000元以上,不能够,非常能够,非常能够,比较能够,比较能够,比较能够,比较能够,比较能够,比较能够,比较能够,比较能够,比较能够,非常能够,比较能够,医疗,有较强的吸引力
163,112.38.217.37,,,,,,,,,2018-04-28 21:58:13,2018-04-28 21:58:47,Chrome 57.0.2987.132,Android Linux 5.1,0分34秒,正常完成,男,河北省,秦皇岛市,山海关区,4-5年,3001-5000元,比较能够,比较能够,比较能够,非常能够,一般,一般,非常能够,比较能够,比较能够,比较能够,非常能够,非常能够,比较能够,一般,教育科研,有较强的吸引力
164,112.38.217.37,,,,,,,,,2018-04-28 23:10:12,2018-04-28 23:10:59,Chrome 57.0.2987.132,Android Linux 5.1,0分47秒,正常完成,男,山东省,济南市,历城区,1年及以下,2001-3000元,比较能够,比较能够,比较能够,比较能够,比较能够,比较能够,比较能够,比较能够,比较能够,比较能够,比较能够,比较能够,比较能够,比较能够,技工人才,一般
165,112.38.217.37,,,,,,,,,2018-04-28 23:11:47,2018-04-28 23:12:24,Chrome 57.0.2987.132,Android Linux 5.1,0分37秒,正常完成,男,辽宁省,鞍山市,铁西区,2-3年,3001-5000元,比较能够,比较能够,比较能够,非常能够,比较能够,非常能够,非常能够,比较能够,比较能够,比较能够,比较能够,比较能够,比较能够,比较能够,管理人员,不二选择
166,112.38.217.37,,,,,,,,,2018-04-28 23:19:46,2018-04-28 23:20:19,Chrome 57.0.2987.132,Android Linux 5.1,0分33秒,正常完成,男,河北省,秦皇岛市,山海关区,2-3年,2000元及以下,比较能够,比较能够,比较能够,比较能够,非常能够,比较能够,比较能够,比较能够,比较能够,比较能够,比较能够,非常能够,比较能够,非常能够,技工人才,不二选择
167,112.38.217.37,,,,,,,,,2018-04-28 23:20:22,2018-04-28 23:21:02,Chrome 57.0.2987.132,Android Linux 5.1,0分40秒,正常完成,男,山东省,济南市,历下区,6-9年,20000元以上,非常能够,非常能够,比较能够,非常能够,非常能够,非常能够,非常能够,非常能够,非常能够,非常能够,非常能够,非常能够,非常能够,非常能够,金融从业者,不二选择
168,112.38.217.37,,,,,,,,,2018-04-28 23:26:17,2018-04-28 23:26:57,Chrome 57.0.2987.132,Android Linux 5.1,0分40秒,正常完成,男,山东省,枣庄市,峄城区,2-3年,2001-3000元,非常能够,非常能够,非常能够,非常能够,非常能够,非常能够,非常能够,非常能够,非常能够,非常能够,非常能够,非常能够,非常能够,非常能够,技术研发人才,不二选择
169,112.224.22.22,,,,,,,,,2018-04-29 06:23:46,2018-04-29 06:25:14,Chrome 57.0.2987.132,Android Linux 7.0,1分28秒,正常完成,男,山东省,济南市,市中区,2-3年,12001-20000元,非常能够,非常能够,比较能够,非常能够,非常能够,非常能够,非常能够,非常能够,非常能够,非常能够,非常能够,非常能够,非常能够,非常能够,技术研发人才,不二选择
170,124.128.158.36,,,,,,,,,2018-04-29 07:01:44,2018-04-29 07:03:57,Chrome 57.0.2987.132,Android Linux 4.4.2,2分13秒,正常完成,男,山东省,济南市,市中区,1年及以下,2000元及以下,一般,一般,一般,比较能够,比较能够,一般,一般,一般,一般,一般,一般,一般,一般,一般,技术研发人才,一般
171,144.0.166.64,,,,,,,,,2018-04-29 09:23:22,2018-04-29 09:25:37,Unknown Browser,iPhone iOS 11.0.3,2分15秒,正常完成,女,山东省,济南市,天桥区,4-5年,3001-5000元,一般,一般,非常能够,非常能够,一般,一般,一般,一般,非常能够,一般,一般,非常能够,比较能够,非常能够,销售人才,有较强的吸引力
172,112.38.217.37,,,,,,,,,2018-04-29 09:25:14,2018-04-29 09:25:53,Chrome 57.0.2987.132,Android Linux 5.1,0分39秒,正常完成,男,内蒙古自治区,鄂尔多斯市,杭锦旗,2-3年,2001-3000元,比较能够,比较能够,比较能够,非常能够,非常能够,比较能够,比较能够,比较能够,比较能够,比较能够,比较能够,比较能够,比较能够,比较能够,教育科研,不二选择
173,112.38.217.37,,,,,,,,,2018-04-29 09:25:57,2018-04-29 09:26:45,Chrome 57.0.2987.132,Android Linux 5.1,0分48秒,正常完成,男,山东省,济南市,历城区,6-9年,20000元以上,非常能够,非常能够,非常能够,非常能够,比较能够,非常能够,比较能够,非常能够,比较能够,比较能够,比较能够,比较能够,比较能够,非常能够,管理人员,不二选择
174,49.140.188.187,,,,,,,,,2018-04-29 10:46:52,2018-04-29 10:48:02,Chrome 57.0.2987.132,Android Linux 7.0,1分10秒,正常完成,女,吉林省,长春市,南关区,1年及以下,2000元及以下,比较能够,比较能够,非常能够,非常能够,非常能够,非常能够,非常能够,非常能够,非常能够,非常能够,非常能够,非常能够,非常能够,非常能够,技术研发人才,一般
175,112.38.217.37,,,,,,,,,2018-04-29 12:30:14,2018-04-29 12:30:54,Chrome 57.0.2987.132,Android Linux 5.1,0分40秒,正常完成,男,山西省,阳泉市,郊区,1年及以下,2000元及以下,比较能够,比较能够,比较能够,比较能够,比较能够,非常能够,非常能够,非常能够,一般,一般,比较能够,比较能够,不能够,一般,服务售后,有较强的吸引力
176,113.57.176.189,,,,,,,,,2018-04-29 15:02:30,2018-04-29 15:03:57,Chrome 55.0.2883.87,Windows 7,1分27秒,正常完成,男,湖北省,武汉市,青山区,1年及以下,2000元及以下,不能够,不能够,不能够,不能够,不能够,不能够,不能够,不能够,不能够,不能够,一般,比较能够,不能够,一般,教育科研,不作考虑
177,113.25.4.226,,,,,,,,,2018-04-29 20:06:44,2018-04-29 20:08:03,Chrome 57.0.2987.132,Android Linux 7.1.1,1分19秒,正常完成,女,山东省,济南市,历城区,1年及以下,2000元及以下,一般,一般,不能够,比较能够,比较能够,比较能够,比较能够,一般,比较能够,比较能够,一般,比较能够,不能够,比较能够,教育科研,一般
178,39.64.45.238,,,,,,,,,2018-04-29 20:07:04,2018-04-29 20:08:13,Chrome 57.0.2987.132,Android Linux 5.0.2,1分9秒,正常完成,男,山东省,济南市,历下区,1年及以下,2000元及以下,比较能够,比较能够,比较能够,比较能够,比较能够,比较能够,比较能够,比较能够,比较能够,比较能够,比较能够,比较能够,一般,比较能够,技术研发人才,有较强的吸引力
179,113.107.217.157,,,,,,,,,2018-04-29 20:07:20,2018-04-29 20:09:03,Chrome 57.0.2987.132,Android Linux 5.1.1,1分43秒,正常完成,男,山东省,济南市,历下区,10年及以上,5001-8000元,一般,一般,比较能够,非常能够,非常能够,非常能够,非常能够,非常能够,一般,比较能够,比较能够,非常能够,比较能够,不能够,技工人才,一般
180,117.136.37.26,,,,,,,,,2018-04-29 20:07:28,2018-04-29 20:09:17,Chrome 57.0.2987.132,Android Linux 7.0,1分49秒,正常完成,女,山东省,济南市,天桥区,1年及以下,2000元及以下,比较能够,比较能够,比较能够,非常能够,非常能够,非常能够,非常能够,非常能够,非常能够,一般,非常能够,比较能够,比较能够,比较能够,金融从业者,一般
181,113.128.59.236,,,,,,,,,2018-04-29 20:08:02,2018-04-29 20:09:26,Chrome 57.0.2987.132,Android Linux 6.0.1,1分24秒,正常完成,女,山东省,济南市,历下区,1年及以下,2001-3000元,比较能够,一般,一般,比较能够,比较能够,比较能够,非常能够,一般,一般,一般,一般,一般,一般,一般,管理人员,有较强的吸引力
182,223.104.190.101,,,,,,,,,2018-04-29 20:08:17,2018-04-29 20:10:14,Chrome 57.0.2987.132,Android Linux 6.0.1,1分57秒,正常完成,男,山东省,济南市,历城区,1年及以下,2000元及以下,非常能够,非常能够,非常能够,非常能够,非常能够,非常能够,非常能够,非常能够,一般,一般,非常能够,非常能够,非常能够,非常能够,技工人才,一般
183,223.98.174.29,,,,,,,,,2018-04-29 20:09:44,2018-04-29 20:10:27,Chrome 57.0.2987.132,Android Linux 7.0,0分43秒,正常完成,女,上海市,上海市,虹口区,1年及以下,20000元以上,非常能够,非常能够,非常能够,非常能够,非常能够,非常能够,非常能够,非常能够,非常能够,非常能够,非常能够,非常能够,非常能够,非常能够,教育科研,不二选择
184,117.136.77.35,,,,,,,,,2018-04-29 20:09:23,2018-04-29 20:11:01,Chrome 57.0.2987.132,Android Linux 7.1.1,1分38秒,正常完成,女,山东省,济南市,历下区,1年及以下,2000元及以下,非常能够,比较能够,非常能够,非常能够,非常能够,非常能够,非常能够,比较能够,非常能够,一般,非常能够,一般,非常能够,比较能够,管理人员,一般
185,112.224.21.170,,,,,,,,,2018-04-29 20:12:17,2018-04-29 20:13:57,Chrome 57.0.2987.132,Android Linux 8.0,1分40秒,正常完成,男,山东省,淄博市,淄川区,1年及以下,2000元及以下,一般,一般,比较能够,非常能够,非常能够,非常能够,比较能够,非常能够,非常能够,非常能够,非常能够,比较能够,比较能够,比较能够,金融从业者,不作考虑
186,114.230.168.30,,,,,,,,,2018-04-29 20:29:32,2018-04-29 20:30:19,Chrome 57.0.2987.132,Android Linux 7.0,0分47秒,正常完成,男,北京市,北京市,朝阳区,1年及以下,2000元及以下,非常能够,非常能够,非常能够,非常能够,非常能够,非常能够,非常能够,非常能够,非常能够,非常能够,非常能够,非常能够,非常能够,非常能够,医疗,很不喜欢
187,117.136.94.65,,,,,,,,,2018-04-29 20:45:19,2018-04-29 20:47:02,Chrome 57.0.2987.132,Android Linux 6.0,1分43秒,正常完成,女,山东省,济南市,历下区,1年及以下,2000元及以下,非常能够,非常能够,非常能够,非常能够,非常能够,非常能够,非常能够,非常能够,非常能够,非常能够,非常能够,非常能够,比较能够,比较能够,金融从业者,有较强的吸引力
188,120.192.185.41,,,,,,,,,2018-04-29 20:48:52,2018-04-29 20:49:48,Chrome 57.0.2987.132,Android Linux 7.1.1,0分56秒,正常完成,男,山东省,济南市,历城区,2-3年,20000元以上,不能够,一般,一般,不能够,一般,一般,一般,一般,一般,一般,一般,一般,一般,一般,教育科研,一般
189,60.208.220.151,,,,,,,,,2018-04-29 20:53:50,2018-04-29 20:55:39,Unknown Browser,iPhone iOS 11.2.6,1分49秒,正常完成,女,山东省,济南市,历下区,1年及以下,2000元及以下,比较能够,比较能够,非常能够,比较能够,比较能够,非常能够,比较能够,非常能够,非常能够,非常能够,非常能够,一般,一般,比较能够,教育科研,有较强的吸引力
190,112.224.2.246,,,,,,,,,2018-04-29 21:04:19,2018-04-29 21:06:00,Chrome 57.0.2987.132,Android Linux 7.1.1,1分41秒,正常完成,男,山东省,济南市,历下区,1年及以下,2000元及以下,一般,一般,比较能够,一般,一般,一般,不能够,不能够,一般,不能够,不能够,一般,一般,一般,其他,不作考虑
191,112.38.217.37,,,,,,,,,2018-04-29 23:09:13,2018-04-29 23:10:12,Chrome 57.0.2987.132,Android Linux 5.1,0分59秒,正常完成,男,山东省,济南市,天桥区,4-5年,8001-12000元,非常能够,非常能够,非常能够,非常能够,非常能够,非常能够,非常能够,非常能够,一般,一般,非常能够,非常能够,比较能够,一般,教育科研,不二选择
192,112.38.217.37,,,,,,,,,2018-04-29 23:10:29,2018-04-29 23:11:20,Chrome 57.0.2987.132,Android Linux 5.1,0分51秒,正常完成,男,山东省,泰安市,新泰市,10年及以上,20000元以上,非常能够,非常能够,非常能够,非常能够,非常能够,比较能够,比较能够,非常能够,比较能够,非常能够,非常能够,不能够,一般,比较能够,金融从业者,一般
193,112.38.217.37,,,,,,,,,2018-04-29 23:11:34,2018-04-29 23:12:03,Chrome 57.0.2987.132,Android Linux 5.1,0分29秒,正常完成,男,辽宁省,本溪市,南芬区,2-3年,2001-3000元,比较能够,比较能够,比较能够,非常能够,非常能够,非常能够,比较能够,比较能够,比较能够,比较能够,比较能够,比较能够,比较能够,非常能够,技工人才,有较强的吸引力
194,112.38.217.37,,,,,,,,,2018-04-29 23:12:07,2018-04-29 23:12:53,Chrome 57.0.2987.132,Android Linux 5.1,0分46秒,正常完成,男,山东省,枣庄市,峄城区,4-5年,5001-8000元,非常能够,非常能够,比较能够,比较能够,比较能够,比较能够,比较能够,比较能够,比较能够,比较能够,比较能够,比较能够,比较能够,比较能够,医疗,很不喜欢
195,112.38.217.37,,,,,,,,,2018-04-29 23:12:57,2018-04-29 23:14:02,Chrome 57.0.2987.132,Android Linux 5.1,1分5秒,正常完成,男,山西省,晋城市,阳城县,2-3年,2001-3000元,非常能够,非常能够,非常能够,一般,一般,一般,一般,比较能够,一般,比较能够,比较能够,比较能够,一般,比较能够,技术研发人才,一般
196,112.38.217.37,,,,,,,,,2018-04-29 23:15:03,2018-04-29 23:16:37,Chrome 57.0.2987.132,Android Linux 5.1,1分34秒,正常完成,男,山西省,晋城市,沁水县,4-5年,8001-12000元,比较能够,非常能够,非常能够,比较能够,比较能够,比较能够,比较能够,比较能够,比较能够,比较能够,比较能够,比较能够,比较能够,比较能够,技术研发人才,有较强的吸引力
197,112.38.217.37,,,,,,,,,2018-04-29 23:31:19,2018-04-29 23:33:19,Chrome 57.0.2987.132,Android Linux 5.1,2分0秒,正常完成,男,山东省,枣庄市,台儿庄区,2-3年,2001-3000元,非常能够,非常能够,比较能够,非常能够,比较能够,非常能够,非常能够,非常能够,比较能够,非常能够,非常能够,非常能够,非常能够,比较能够,技术研发人才,一般
198,112.38.217.37,,,,,,,,,2018-04-29 23:34:41,2018-04-29 23:36:36,Chrome 57.0.2987.132,Android Linux 5.1,1分55秒,正常完成,男,山东省,东营市,河口区,2-3年,2001-3000元,非常能够,非常能够,比较能够,非常能够,比较能够,比较能够,比较能够,比较能够,比较能够,比较能够,比较能够,比较能够,比较能够,比较能够,销售人才,不二选择
199,223.104.2.182,,,,,,,,,2018-04-30 08:48:31,2018-04-30 08:51:12,Chrome 57.0.2987.132,Android Linux 4.4.4,2分41秒,正常完成,女,山东省,济南市,市中区,1年及以下,2001-3000元,比较能够,一般,非常能够,比较能够,一般,比较能够,非常能够,比较能够,比较能够,一般,一般,比较能够,一般,一般,其他,有较强的吸引力
200,222.173.10.194,,,,,,,,,2018-04-30 11:13:11,2018-04-30 11:13:43,Chrome 62.0.3202.62,Windows NT 10.0,0分32秒,正常完成,男,河南省,济源市,济源市,6-9年,12001-20000元,比较能够,比较能够,比较能够,比较能够,比较能够,比较能够,比较能够,比较能够,比较能够,一般,非常能够,比较能够,比较能够,比较能够,技术研发人才,不二选择
201,117.136.9.178,,,,,,,,,2018-04-30 18:28:06,2018-04-30 18:29:44,Chrome 57.0.2987.132,Android Linux 5.0.2,1分38秒,正常完成,女,山东省,青岛市,黄岛区,1年及以下,2000元及以下,一般,一般,一般,一般,一般,一般,不能够,不能够,一般,不能够,不能够,不能够,不能够,不能够,其他,有较强的吸引力
202,221.235.244.79,,,,,,,,,2018-05-01 20:43:21,2018-05-01 20:47:33,Unknown Browser,IPad iOS 9.3.5,4分12秒,正常完成,女,山东省,烟台市,福山区,10年及以上,2001-3000元,一般,一般,比较能够,比较能够,比较能够,比较能够,比较能够,一般,一般,一般,比较能够,比较能够,比较能够,比较能够,技术研发人才,有较强的吸引力
