引才单位,岗位名称,人员需求情况,,,,,,提供待遇情况,,,引才方式,引才来源,区县,联系人电话
,,专业,年龄,学历学位,职务职称,能力业绩要求,需求人数,薪酬 （元/月）,科研经费,住房,,,,
中环天仪股份有限公司,中国工程院院士,机械电子,60岁以下,博士,教授,曾担任机械电子工程相关院所（项目）负责人。,1,面议,视具体情况而定,提供,柔性,海外,高新区,王洪元         022-58389536
天津瑞普生物技术股份有限公司,首席科学家（院士）,生物学等相关专业,65岁以下,不限,不限,能指导完成基因工程亚单位疫苗、DNA疫苗、活载体疫苗、基因缺失标志疫苗、多肽疫苗等新型动物用疫苗的新产品开发。,1月2日,45,500元,提供,柔性,海外,保税区,乔玲   15822100209
,研究院院长,生物、医药、兽医等相关专业,50岁以下,硕士,高级,具有相关工作经验，负责瑞普生物研究院整体运营体系的建设，梳理完善管理制度与规范标准并监督实施，实现顺畅高效运行。博士优先。,1,65,视具体情况而定,提供,刚性,海外,,张楠          022-88958181
,学科带头人,生物、医药、兽医等相关专业,55岁以下,硕士,高级,在家禽或家畜行业有丰富的行业经验以突出的研究成果。博士优先。,若干,45,视具体情况而定,提供,刚性,海外,,
,分公司总经理,生物、医药、兽医等相关专业,55岁以下,本科,不限,负责公司各项经营管理指标的落实生产、研发、营销、行政、人力资源、信息、财务等职能部门的管理。,2,35,视具体情况而定,提供,刚性,海外,,
天津力神电池股份有限公司,高级顾问（院士）,电化学,65岁以下,不限,不限,锂电池行业领军人物，至少10年以上工作经历。,1,面议,视具体情况而定,提供,柔性,海外,高新区,刘英臣         022-83716857
天津市松正电动汽车技术股份有限公司,“外专千人”计划人选,机械、电子、软件相关专业,30岁,博士,高级,具有10年新能源汽车动力系统研发经验，5年重大项目管理经验，能领导研发团队开展前瞻性研发、规划、设计新产品。,2,40,视具体情况而定,提供,均可,海外,保税区,刘菁    13110008760
天津久日化学股份有限公司,研发顾问,有机化学、应用化学等,35-60岁,博士,高级,从事有机化学10年的相关工作经验，5年实验室工作经验。承担过市级科技计划项目；承担过863/975计划的优先。技术能力强，经验丰富；能够组织协调其他专业人员进行方案设计；具有良好的沟通能力和团队协作精神，思维缜密，为人诚恳、踏实，工作认真负责。要求每年至少在公司工作3月。,1,18,300,无,柔性,国内,北辰区,李欢欢      022-58889217
,高级工程师,有机化学、应用化学等,30-45岁,不限,不限,从事有机化学5年的相关工作经验；具有3年管理经验；单独承担过科研生产项目。技术能力强，经验丰富；能独立进行方案设计；具有良好的沟通能力和团队协作精神，思维缜密，为人诚恳、踏实，工作认真负责。,3,12,100,公司宿舍,刚性,国内,,
天津市康婷生物工程有限公司,科学发展部研究员,生物、医药、细胞学、分子生物学等,不限,硕士及以上,不限,熟练掌握细胞培养技术，较强的科研能力，能够独立完成实验。思维清晰、敏捷，工作态度严谨细致，责任心强，良好的实验习惯及解决问题的能力。较强的中英文资料检索和阅读能力，熟悉常用医药网站和数据库，较强的生物医药学背景和文字撰写能力，近年以第一作者身份在SCI发表文章一篇以上，一定的抗压能力。具有团队合作意识，一定的协调沟通能力和人际交往能力。有省部或以上级项目申报成功经验者优先，具备资质申报或知识产权申报经验者优先，英文优秀者优先。有干细胞或免疫细胞相关领域研发经验者优先。,4月6日,面议,根据部门申报项目情况调整,无,刚性,归国留学人员优先,西青区,马洁        022-83969871-8665
,生物医学研究院学术委员会顾问,生物、医药、细胞学、分子生物学等,不限,不限,副高及以上,干细胞或细胞治疗等相关领域内权威专家。曾入选省部或以上优秀人才计划，主持过省部或以上级科研项目。具有较高的学术水平，较强的组织管理和协调能力。,2月4日,面议,,面议,柔性,不限,,
天狮集团有限公司,大学城项目总经理,建筑类,40-50岁,不限,总经理,规划设计、建筑设计大型设计院或大型房地产公司或政府规划部门或有过大学城项目管理经验10年以上；40岁以上，建筑设计或规划相关专业本科以上学历；具有相应的从业一级资质。,1,面议,无,提供,均可,中国籍,武清区,李志刚  13752378058
,泰济生市场营销总监,营销,35-45岁,不限,总监,具有10年以上同类健康管理产品销售经验，8年以上同类健康管理、医疗机构营销管理经验；熟悉该事业部产品市场情况，具有营销体系建设和管理能力，具有良好的市场分析、判断和营销策划能力，能够快速提升公司的销售业绩；公关、销售谈判能力强，能够处理市场开拓和客户管理中的难题；综合管理、组织能力强，能够统领一支高效率、具有强大战斗力的营销团队。,1,面议,无,提供,均可,中国籍,,
,海外教育培训总监,管理类,35-45岁,不限,总监,"具有10年以上大型直销企业教育培训、市场销售运作经验,精通直销行业教育培训工作。5年以上大型或跨国企业管理经验。具有组织、策划直销公司大型会议和各类培训的背景。熟练掌握直销理论和培训技能。语言能力：普通话、英文，能够熟练使用英文进行听、说、读、写。",5,面议,无,提供,均可,中国籍,,
,产品管理总监,生物,35-45岁,不限,总监,"具有15年以上大型跨国企业相关工作经验，有2年以上直销行业工作经验更佳。熟悉保健品、化妆品行业产品标准，具备丰富的新产品市场推广知识；在直销国际化营销，策略规划，项目领导，中国保健食品注册，人才管理等方面有专长；具有国际市场、海外协调工作经验，熟悉国内外保健食品、保健用品、食品、药品、化妆品,日化用品行业市场，有产品管理、产品培训及产品分析相关专业知识。",2,面议,无,提供,均可,台湾、香港、马来均可考虑,,
,泰济生人事行政,人力资源,35-45岁,不限,总监,有3年以上健检医疗机构相关行业人事行政管理经验：有劳动法律法规、人力资源管理、行政管理培训经历；管理能力、识人能力、谈判能力、沟通协调能力、解决复杂问题能力；具备现代企业人力资源管理、行政管理相关知识。,1,面议,无,提供,均可,国内,,
,董事长办公室主任,管理类,40-50岁,不限,总监,英文精通，有集团化公司董办主任、董事长助理、或者政府办公厅秘书长、外事主任等相关职位背景，本科以上学历；沟通能力强，具备外事尤其是国家级外事处理能力；精通国际礼仪和外交礼仪，形象气质佳综合素质高。,1,面议,无,提供,均可,国内,,
天津药物研究院有限公司,药物制剂研究、新型药物制剂研发人员,药物制剂相关,45岁以下,博士,副高,系统从事过靶向、吸入式复方制剂、难溶性药物制剂、中药制剂等研究工作，具有组织承担药物制剂领域科技项目经验，取得过标志性科技成果（具有国内外知名企业或大学、研究机构工作经验者优先考虑）。具有较强的组织管理和协调能力、敬业精神和团队精神；能保证每年在实验室的实际工作时间不少于9个月。,3,25,给予项目的相关资助与配套,提供,刚性，视具体情况可议,不限,河西区,尚嘉鹏     022-23004056
,化学制药研究、创新药物设计开发人员,药物化学、有机化学、化学制药相关,45岁以下,博士,副高,具有组织承担药物合成、路线设计、工艺改进等研究项目的经验，熟悉仿制化学药物、创新化学药物的研究工作流程和要求（具有国内外知名企业或大学、研究机构工作经验者优先考虑）。具有较强的组织管理和协调能力、敬业精神和团队精神；能保证每年在实验室的实际工作时间不少于9个月。,3,25,给予项目的相关资助与配套,提供,,不限,,
,药理学、毒理学、药代动力学研究人员,药理、毒理、基础医学、临床医学、生物技术相关,45岁以下,博士,副高,系统从事过新药临床前安全评价工作，熟悉国内外新药评价的技术要求和管理流程（具有国内外知名企业或大学、研究机构工作经验者优先考虑）。具有较强的组织管理和协调能力、敬业精神和团队精神；能保证每年在实验室的实际工作时间不少于9个月。,2,25,给予项目的相关资助与配套,提供,,不限,,
,药物分析研究人员,药物分析、分析化学相关,45岁以下,博士,副高,系统从事过药物分析工作，熟悉相关仪器设备的应用，具有组织承担相关项目的经验（具有国内外知名企业或大学、研究机构工作经验者优先考虑）。具有较强的组织管理和协调能力、敬业精神和团队精神；能保证每年在实验室的实际工作时间不少于9个月。,2,25,给予项目的相关资助与配套,提供,,不限,,
,资深国际药品注册人员,国际新药注册相关,45岁以下,博士,高级,系统从事过国际药品注册工作，熟悉国内外药品注册相关法规、药品注册流程、药物检测分析等相关知识，具有相关专业领域研发背景，具备较高学术水平。,1,25,给予项目的相关资助与配套,提供,刚性,国内,,
泰伦特生物工程股份有限公司,高级技术研发工程师（生物工程方向）,生物工程,35岁以下,硕士,中级及以上,生物工程相关工作经验5年以上。独立带领项目组完成科研项目。,3,面议,面议,无,均可,国内,北辰区,王伟   86810555
天士力控股集团有限公司,研究员,药物合成,不限,硕士及以上 ,不限,掌握药物化学，有机合成基本知识，熟悉药物化学发展动态，具有比较完善的知识体系；2年以上药物研发工作经验，有项目负责人经验为佳。,2,面议,面议,提供,刚性,不限,北辰区,王伟   86810555
,研究员,天然药化,不限,硕士及以上 ,不限,掌握药物化学，天然药物化学基本知识，熟悉药物化学发展动态，具有比较完善的知识体系；2年以上药物研发工作经验，有项目负责人经验为佳。,2,面议,面议,提供,刚性,不限,,
,研究员,药理分析,不限,硕士及以上 ,不限,掌握药理分析基本知识，熟悉药物化学发展动态，具有比较完善的知识体系；2年以上药物研发工作经验，有项目负责人经验为佳。,2,面议,面议,提供,刚性,不限,,
,研究员,制剂,不限,硕士及以上 ,不限,掌握药物化学，化学制剂基本知识，熟悉药物化学发展动态，具有比较完善的知识体系；2年以上药物研发工作经验，有项目负责人经验为佳。,2,面议,面议,提供,刚性,不限,,
,研究员,数据管理,不限,硕士及以上 ,不限,具有10年以上计算机相关工作经验，5年药厂工作经验；熟悉美国、欧盟对计算机的法规要求，精通计算机系统运维、信息安全；参加过GCP培训、Part11培训、计算机信息安全培训。,2,面议,面议,提供,刚性,不限,,
,研究员,药理,不限,硕士及以上 ,不限,掌握药品或保健品药理研究相关知识，熟悉药物申报临床前研究相关法规和技术要求，独立或辅助进行动物实验设计，实验数据的分析处理；质量管理部门建设管理知识，能够独立履行质量保证职责。,2,面议,面议,提供,刚性,不限,,
,研究员,毒理,不限,硕士及以上 ,不限,掌握药品或保健品毒理研究相关知识，熟悉药物申报临床前研究相关法规和技术要求，独立或辅助进行动物实验设计，实验数据的分析处理；质量管理部门建设管理知识，能够独立履行质量保证职责。,2,面议,面议,提供,刚性,不限,,
,顾问,药学相关,不限,硕士及以上 ,不限,具有5年以上国际学术水平，可对接创新项目，有相关项目管理经验优先。,2,面议,面议,提供,柔性,不限,,
,资深研究员,植化相关,不限,博士,不限,有大型跨国制药企业DOE&QbD研发经验，FDA-CMC研发及注册经验。,1,面议,面议,提供,均可,不限,,
,资深研究员,药学相关,不限,博士,不限,有大型跨国制药企业EMA-CMC研发及注册经验，SCI收载论文3篇以上，有20人以上团队管理经验，学术研究获全国性奖项。,1,面议,面议,提供,均可,不限,,
,资深研究员,药学相关,不限,博士,不限,有大型跨国制药企业。EMA-CMC研发及注册经验。SCI收载论文3篇以上，有20人以上团队管理经验，学术研究有全国性奖项。,1,面议,面议,提供,均可,不限,,
,资深研究员,药物制剂,不限,博士,不限,有大型跨国制药企业药物制剂研发经验，EMA-CMC研发及注册经验。,1,面议,面议,提供,均可,不限,,
,药类研究员,药学相关,不限,博士,不限,美国、日本、欧洲等药学发达国家院校毕业生优先。SCI收载论文3篇以上，有相关项目管理经验优先。,16,面议,面议,提供,均可,海外,,
天津惠科恩胜医药科技发展有限公司,研发工程师,医学或生物研究相关,26岁,硕士,不限,有知名医药、医疗器械等行业企业科研工作经验3年。熟悉现代生物医药、医疗器械等方面的科研工作，制定项目选立方案，提出合理化建议；对国内外医药、器械、耗材等学术、理论、技术发展状况有清晰的了解，能够独立参与专业的学术性、技术性医学性方面的活动商业性的推广演示。,1,10,面议,面议,均可,不限,西青区,毕士雪15302068631
天津贝罗尼生物科技有限公司,生物技术,生物技术,30-45岁,博士,不限,具有5年以上工作经验；具备在生物技术领域从事设计、生产、经营管理和新技术研究、新产品开发的能力。,1,面议,面议,面议,刚性,国内,西青区,李向鑫13820879459
天津市中升挑战生物工程有限公司,技术研发,生物饲料技术,29-35岁,博士,中级,具有相关实习或工作经验，从事相关行业。,1,面议,面议,待定,刚性,国内,西青区,苏冬雷      022-23833035
天津国际生物医药联合研究院,学术带头人,生物医药相关,55岁以下,博士,副教授,在国际著名刊物上发表论文数篇，有产业化成果。具有5年海外经历的优先考虑。,不限,30,协助申请各类经费支持,提供,均可,海外优先,开发区,张敏13212219826
中国科学院天津工业生物技术研究所,国家“千人计划”人选,生物学、化学类,55岁以下,博士,正高级,在国外著名高校、科研院所担任相当于教授职务的专家学者。在本领域内取得世界一流的科研成果。,2,协议工资，100万元生活补贴、300万元以上科研经费和300平米以上实验办公面积,,,均可,海外,保税区,刘琦       022-24828708
,国家“青年千人”,,40岁以下,,,博士学位，在海外知名高校、科研机构或知名企业研发机构有3年正式教学或科研职位。,4,60,,,刚性,海外,,
,国家“外专千人”计划人选,,65岁以下,,,在国外著名高校、科研院所担任相当于教授职务的专家学者。在本领域内取得世界一流的科研成果。,2,协议工资，100万元生活补贴、300万元以上科研经费和必要的实验办公场所及人员,,,刚性,海外,,
,天津千人,,55岁以下,,,具有4年以上海外正式工作经验。本领域内取得一定科研成果，发表过高水平论文。,2,根据中科院和研究所有关规定执行,,,均可,海外,,
,天津青千,,40岁以下,,,具有4年以上海外正式工作经验。本领域内取得一定科研成果，发表过高水平论文。,4,根据中科院和研究所有关规定执行,,,刚性,海外,,
,中科院百人,,,,,博士学位，在海外知名高校、科研机构或知名企业研发机构有3年正式教学或科研职位。,2,60,,,刚性,不限,,
,中科院技术百人,,,,,具有4年以上海外正式工作经验。本领域内取得一定科研成果，发表过高水平论文。,2,根据中科院和研究所有关规定执行,,,刚性,,,
,研究员,,,,,具有4年以上海外正式工作经验。本领域内取得一定科研成果，发表过高水平论文。,5,根据中科院和研究所有关规定执行,,,刚性,,,
,副研究员,,35岁以下,,副高级,海外博士后经历或国内两家博士后经历。本领域内取得一定科研成果，发表过高水平论文。,10,根据中科院和研究所有关规定执行,,,刚性,,,
中国航天8357所,系统封装集成,微电子及相关,35岁以下,博士,不限,具有3年以上相关工作经历。主要从事混合微系统集成芯片设计方案研究；具备较强的模拟、射频IC设计及组件设计者优先。,2,面议,面议,无,柔性,国内,保税区,孙连山     022-58168029
,片上系统集成,微电子及相关,35岁以下,博士,不限,具有3年以上相关工作经历。从事片上微处理系统架构集成及SOC系统架构设计。,2,面议,面议,无,柔性,国内,,
天津津航技术物理研究所,项目经理,机械电子等相关专业,35-45岁,硕士,不限,具有5年汽车行业相关工作经验，3年成功的项目管理经验，能审查并部分发布特定客户的产品规格。,1,35,视具体情况而定,无,刚性,国内,保税区,高坤13920196956
中铁航空港集团第三工程有限公司,工程施工高级专业技术人才,铁路、道路、桥梁、市政、房建、地铁、机电、预算,45岁以下,不限,高级工程师,具有基层施工技术10年并在项目工程管理部门负责人或技术主管岗位5年（同级岗位不受此条件限制）工作经验。熟悉并掌握工程项目管理工作流程丰富的管理实践经验。具有很强的组织领导、沟通协调分析判断决策能力。相关专业一级建造师执业资格。,每专业各1名,10,无,无,柔性,国内,红桥区,范迎春 86516130
中航工业直升机所（天津直升机研发中心）,工程设计岗位,航空工程、直升机工程、机械工程,35岁以下,硕士及以上,不限,有航空工业工作经验者优先。熟练掌握本专业领域知识，了解本专业国内外发展趋势和先进技术，具有一定的相关专业基础知识；能独立承担较难的专业技术或技术管理项目，解决有一定难度的技术问题；中英文熟练交流。,6,面议,根据直升机型号需求,白领公寓,均可,不限,保税区,汪璐璐     022-59800350
,适航管理岗位,适航管理,35岁以下,硕士及以上,不限,有航空工业工作经验者优先。熟练掌握本专业领域知识，了解本专业国内外发展趋势和先进技术，具有一定的相关专业基础知识；能独立承担较难的专业技术或技术管理项目，解决有一定难度的技术问题；中英文熟练交流。,2,面议,根据直升机型号需求,白领公寓,均可,不限,,
,科研管理岗位,航空工程、项目管理,35岁以下,硕士及以上,不限,有航空工业工作经验者优先。熟练掌握本专业领域知识，了解本专业国内外发展趋势和先进技术，具有一定的相关专业基础知识；能独立承担较难的专业技术或技术管理项目，解决有一定难度的技术问题；中英文熟练交流。,2,面议,根据直升机型号需求,白领公寓,均可,不限,,
亚新科（天津）汽车零部件有限公司,高级技术工程师,机械设计、材料成型、工业工程、自动化等,30岁,不限,工程师,至少具有6年相关工作经验。有关汽车零部件相关专业背景，精通铝合金高压低压铸造，浇铸，压铸或机加工相关技术。,10,13.8,无,提供,均可,不限,武清区,李志刚13752378058
,设备经理,机械、模具、铸造等,30岁,不限,经理,至少具有6年相关工作经验。有关汽车零部件相关专业背景，精通铝合金高压低压铸造，浇铸，压铸或机加工相关技术。,1,13.8,无,提供,均可,不限,,
海鸥表业集团有限公司,博士后工作站,精密机械,35岁以下,博士,不限,熟悉精密仪器加工。,1月2日,20,无,无,刚性,不限,保税区,曹禹   58676761
,博士后工作站,计时仪器,35岁以下,博士,不限,熟悉手表装配。,1月2日,20,无,无,刚性,不限,,
天津优瑞纳斯液压机械有限公司,设计工程师,机械制造,30-40岁,硕士及以上,工程师,具有5年以上机械行业工作经验，液压行业优先。参与实施新产品开发、研制工作，制定开发计划。,不限,面议,面议,提供,刚性,不限,西青区,宋迎春      022-83989131-845
,项目负责人,机械制造,30-40岁,硕士及以上,项目经理,具有5年以上机械行业工作经验，液压行业优先。在公司领导下，组织项目的立项、申报、审批、验收等各环节的工作，并负责申报项目的报送跟踪，直至项目完成。,1,面议,面议,提供,刚性,不限,,
伯特利（天津）工业设备有限公司,机械设计工程师,机械设计,40岁以上,硕士,中高级,机械制造业机械设计背景；有专业的机械研发经验、对产品研发的过程控制有丰富的经验；有带领研发队伍完成重要项目的经验；独立完成项目及投标设计创新改善能力强，有项目实施工作经验。,2,面议,无,无,均可,不限,西青区,杨海蓉      022-58964560
合时自动化（天津）有限公司,项目经理,机电一体化,35-50岁,不限,不限,具有10年机械设备研发类项目管理经验。优秀的英语沟通能力；项目管理全过程控制经验；有研发团队协作经验；具有商务谈判经验优先。,3,24,无,视具体情况,刚性,不限,西青区,肖国成1392030780
,高级机械设计专家,机械设计,40岁,不限,不限,具有15年的机械、自动化设备研发设计制造经验。优秀的英语表达能力；有专业的机械研发经验；对产品研发的过程控制有丰富的经验；良好的工作习惯；有带领研发队伍完成重要项目的经验。,3,36,无,视具体情况,刚性,不限,,
,机械装配工程师,机械,40岁左右,不限,不限,具有10年机械设备装配调试经验。精通机械、电气气动设备；丰富的工艺过程经验；有电子产品、机械产品制造背景；良好的英语沟通能力。,1,18,无,无,刚性,国内,,
,应用工程师,机电一体化,35-40岁,不限,不限,具有10年机械设计经验。丰富的机械结构设计经验；熟悉设备选型要求工艺特点；优秀的英语沟通能力；有机械制造经验优先考虑。,3,24,无,无,刚性,国内,,
,电气工程师,自动化,35-40岁,不限,不限,具有10年以上电气设计及编程经验。精通SIMENS 系列及ROCKWELL 系列的编程软件；有视觉控制软件开发经验；熟悉机器人控制软件的编写；能够独立完成电气选型及设计工作。,3,面议,无,无,刚性,国内,,
,EHS工程师,安全工程,28-35岁,不限,不限,具有6年的跨国企业EHS管理经验。有丰富的机械类安全管理经验；具备安全管理工程师资格；精通英语；良好的学习能力和执行力；能够出差。,1,12,无,无,刚性,国内,,
天津市通洁高压泵制造有限公司,副总经理,企业管理、机械自动化等,35-45岁,不限,不限,具有10年以上机械制造企业经营管理经验，5年以上知名企业相关工作经验者优先；男性优先，外省亦可。了解企业管理、战略管理、市场开发管理与生产作业管理、人力资源管理、财务管理等相关专业知识；能够根据公司实际情况，制定正确的，可行的管理目标，在实际经营管理中能够团结带动大多数人；出众的管理才能和良好的业务能力，熟悉先进的管理模式；较强的综合分析能力和驾驭全局的能力；有用人、决策和公关等的综合素质，善于与人深入沟通；精力充沛，团队组织能力强，能承受较大的工作压力。,1,面议,面议,提供,刚性,国外经历者优先,西青区,宁宁        022-83963217
,生产总监,机械制造或企业管理等,35-45岁,不限,不限,具有10年以上机械制造企业生产管理经验；熟悉机械制造流程，对生产计划、质量控制，精益生产有深刻的认识；对6S、ISO9000管理体系有较强的实践经验；工作认真，责任心强，具备有效组织、实施各项工作计划的领导能力。,1,面议,面议,提供,刚性,国外经历者优先,,
,技术总监,机械设计相关专,35-45岁,不限,不限,在同行业领域有5年以上研究开发及项目管理的工作经验，接受过职业或特殊培训；男性优先，外省亦可。精通行业内的最新技术方法，能够把握行业技术发展趋势和业务发展动向，对关键技术有自己独到见解；熟悉企业产品结构、性能、机理、使用方法，有较强的机械设计理论水平和技术工作经验；有很强的判断、决策、计划、执行能力及项目管理能力；能够遵守公司各项规章制度，作风正派，服从指挥。,1,面议,面议,提供,刚性,国外经历者优先,,
,营销总监,市场营销、企业管理类、机械自动化等,35-45岁,不限,不限,具有10年以上工作经验，其中5年以上著名机械制造行业营销管理经验；在企业营销管理领域有深厚的理论功底和丰富的运作经验；有较强的市场感知能力、敏锐地把握市场动态、市场方向的能力；出色的人际沟通能力、团队建设能力、组织开拓能力。,1,面议,面议,提供,刚性,国外经历者优先,,
,高级机械工程师,机械设计相关,35-45岁,不限,不限,接受过职业或特殊培训，有多年从事机械或设备行业设计工作或流水线设计工作经验；男性优先，外省亦可。有较强的机械设计理论水平，能够独立完成机械设备和零部件、夹具设计工作；有较强的协调沟通能力，能够与机械设备和零部件的供应商洽谈，能够完成必要的培训工作；能适应高强度、高压力的工作，能够根据工作需要加班；能够根据自身的专业知识和经验，对工作中出现的具体问题做出准确的判断；能够遵守公司各项规章制度，作风正派，服从指挥。,4,面议,面议,提供,刚性,国外经历者优先,,
,高级培训师,不限,35-45岁,不限,不限,从事机械制造行业培训工作5年以上者优先；男性优先，外省亦可。组织能力、写作能力与沟通能力强，有责任心，能承受压力；熟悉操作办公软件；有很强的计划、组织、领导、协调、控制、督导能力；具有实际培训成功案例者优先考虑。,1,面议,面议,提供,刚性,国外经历者优先,,
,高级采购经理,不限,35-45岁,不限,不限,男性优先，外省亦可。主持采购部的全面工作。领导采购部门按部门的工作职能做好工作。根据项目营销计划和施工计划制订采购计划，并督导实施。制定公司的物资管理相关制度，使之规范化。制定物资采购原则，并督导实施。做好采购的整体预算工作，根据资金运作情况，合理进行预先采购。定期组织员工进行采购业务知识和采购人员职业道德方面的学习，提高公司采购人员的综合能力。控制好物资批量进购，避开由于市场不稳定所带来的风险。进行采购收据的规范指导和审批工作，协助财会进行工程的审核及成本的控制。,1,面议,面议,提供,刚性,国外经历者优先,,
天津赛象科技股份有限公司,高级技术顾问,机械类,不限,不限,副高,跨国企业、轮胎机械行业相关从业经历，熟悉轮胎工艺。掌握橡胶行业前沿技术与知识，能组织领导轮胎机械相关新技术、新产品的研发。,1,75,视项目情况而定,提供,均可,海外,高新区,王红军18622989929
,高级研发工程师,机械类,不限,不限,中级及以上,具有大型企业、制造业相关工作经历、熟悉轮胎机械。能组织领导轮胎机械相关新技术、新产品的研发。,1,面议,视项目情况而定,提供,均可,国内,,
沃德（天津）传动有限公司,设计工程师,机械设计制造及其自动化,28-50岁,博士,不限,械制造类科研研发相关工作背景，精通传动设备设计理论知识，具备丰富的工业传动设备研发经验。,2,面议,面议,面议,均可,国内,北辰区,王伟   86810555
,研发工程师,机械设计制造及其自动化,28-50岁,博士,不限,械制造类科研研发相关工作背景，精通传动设备设计理论知识，具备丰富的工业传动设备研发经验。,2,面议,面议,面议,均可,国内,,
,齿轮技术专家,机械类,不限,博士,不限,械制造类科研研发相关工作背景，精通传动设备设计理论知识，具备丰富的工业传动设备研发经验。,不限,面议,面议,面议,柔性,国内,,
天津市天矿电器设备有限公司,电气技术专家, 自动化,55岁以下,不限,高工,具有3年以上本岗工作经验，对矿用产品熟悉，对行业产品有超前意识。具有独立的产品设计、开发、革新、改良能力和解决生产上的技术问题能力；能熟练使用CAD\CAXA\PRO-E绘图软件及常用办公软件。,2,面议,无,无,柔性,国内,北辰区,
,机械技术专家,机械制造或机电一体化,55岁以下,不限,高工,对矿用产品熟悉，对行业产品有超前意识。能熟练使用CAD\CAXA\Pro-E绘图软件及常用办公软件，解决生产中出现的质量问题。,2,面议,无,无,柔性,国内,,
,市场营销专家,不限,55岁以下,不限,经济师,"具有3年以上本岗工作经验；组织/协调能力强,能合理调配利用人员；熟练使用计算机；具有敏锐的洞察市场能力和丰富的营销策划经验。担任过煤矿系统矿长等优先。",2,面议,无,无,柔性,国内,,
天津中荣印刷科技有限公司,研究生,物流,,硕士,工程师,印刷、包装、工业工程、物流、数理统计等相关专业；有5年以上相关工作经验，有研发，开发，创新能力。具备良好的组织计划能力与分析能力；责任心强，工作积极主动，具备良好的团队合作精神。,1,面议,无,无,刚性,国内,北辰区,
,,工业催化,,,,,2,,无,无,刚性,不限,,
,,化工工程,,,,,2,,无,无,刚性,不限,,
,,软件开发,,,,,3,,无,无,刚性,不限,,
,,电子信息,,,,,1,,无,无,刚性,不限,,
,,嵌入式设计,,,,,1,,无,无,刚性,不限,,
,,流体力学,,,,,2,,无,无,刚性,不限,,
,,核技术应用,,,,,2,,无,无,刚性,不限,,
中国北方发动机研究所,柴油机高效燃烧技术研究,动力机械工程相关,45岁以下,博士,高级 ,在海外知名高校、科研机构或企业研发机构从事相关专业研究5年工作经历。主持过重大技术或产品开发项目不少于2项。,1,35, 视项目情况而定,面议,刚性,海外,北辰区,
,柴油机高压燃油供给技术研究,动力机械工程及相关,45岁以下,硕士,高级 ,在国内外知名高校、科研机构或企业研发机构从事相关专业研究五年以上工作经历。主持过重大技术或产品开发项目不少于2项。,1,面议,面议,面议,刚性,国内,,
天津七所高科技有限公司,机械工程师,机械类,不限,硕士,不限,机械设计制造及其自动化、机械相关类专业；具有机械产品设计开发经验，具备较强的标准及非标产品设计能力，能够熟练使用AUTOCAD、SolidWORKS、CATIA等设计软件；具有很强的实际操作能力、在工程现场独立解决问题的能力、良好的沟通能力和团队协作精神；能够适应经常性出差。,2,面议,无,无,刚性,国内,北辰区,
,电气工程师,电气类,不限,硕士,不限,电气自动化相关类专业；掌握西门子、三菱等主流PLC编程，能够熟练使用AUTOCAD软件；具有很强的实际操作能力、在工程现场独立解决问题的能力、良好的沟通能力和团队协作精神；能够适应经常性出差。,2,面议,无,无,刚性,国内,,
天津工程机械研究院,主任设计师,液压,30岁,硕士,中级,从事工程机械液压系统设计5年，熟悉挖掘机液压系统设计。机械设计、液压专业。可独立完成液压系统设计，具有一定带团队经验。掌握CAD、PRE设计计算机仿真等设计手段。,1,10,按需匹配,无,均可,国内,北辰区,
,主任设计师,液压,30岁,硕士,中级,从事轴向柱塞泵或液压多路换向阀设计5年。机械设计、液压专业。熟悉液压件制造工艺，独立完成工艺设计、改进能力，具有一定带团队经验。掌握CAD、PRE设计计算机仿真等设计手段。,1,10,按需匹配,无,均可,国内,,
,主任设计师,控制,25岁,博士,不限,电气传动、自动化控制专业。能独立完成车载电子系统的设计、测试等研究，具有智能系统硬件在回路仿真研究经验。,1,10,按需匹配,无,均可,国内,,
天津雷沃动力有限公司,CAE设计师,发动机,38-45岁,不限,高级工程师,具有8年以上发动机结构开发及性能、结构仿真分析经历。熟悉发动机CAE分析，会使用AVL仿真分析软件，能够独立开展相关业务并指导低层次人员开展工作；良好的英语听、说、读、写能力。,1,面议,无,无,刚性,国内,北辰区,
,应用工程师,发动机,35-45岁,不限,专家工程师,必须具有相关发动机开发工作5年以上工作经验。熟悉整车开发流程；具备较强的身体素质和丰富的协调处事经验；熟悉发动机开发、应用匹配、整车安装评估、测试、验证等业务。,1,面议,无,无,刚性,国内,,
,质量改进,内燃机,35-45岁,不限,专家工程师,具有发动机技术/工艺/质量10年以上工作经历。,1,面议,无,无,刚性,国内,,
天津市百利电气有限公司,技术主管,电气相关,36-50岁,不限,中级及以上,具有制造业5年及以上技术管理工作经验；5年及以上产品设计经验。具有电气制造专业理论知识，熟悉与低压电气行业相关的专业理论和产品开发程序；具有很强的技术水平、组织协调能力，合理调配项目中的各种资源；遇到产品的关键技术问题有自己独到的、合理的、行之有效的解决方法；具有较强的管理能力、判断和决策能力、人际沟通协调能力、计划与执行能力；能承受高强度、高压力的工作；具有较强的责任心和工作热情；能熟练使用计算机，熟练掌握Solid Edge、CAD和Protel软件；有低压电气行业经验者优先。优先考虑硕士及以上学位。,1,面议,面议,面议,刚性,国内,西青区,史祺        022-83963711
天津博瑞泰专用车科技有限公司,常务副总,机械,40岁,不限,中级,制造型企业5年本岗工作经验。具有团队建设能力，具有大型项目操作经验业绩。,1,18,提供,提供,均可,不限,西青区,冯海鸥      022-83983372
,销售副总,营销,38岁,不限,中级,具有海外工作经历，从事销售工作5年。了解外贸运作流程，英语口语流利。,1,12,提供,提供,均可,不限,,
,技术总监,机械,38岁,不限,中级,机械制造行业5年工作经验，具有项目实施业绩。具有机械软件使用能力，精通机械构造传动原理，具有创新、开发能力。,1,12,提供,提供,均可,不限,,
依蒂尔申达汽车零部件（天津）有限公司,项目经理,工程技术相关,35岁,不限,不限,具有10年汽车行业技术工作经验，5年项目管理工作经验。有良好的英语读写能力；项目沟通管理能力。,1,12,面议,面议,均可,不限,西青区,刘桂爽18802231496
飞狐信息技术（天津）有限公司,Java开发工程师,计算机，网络工程,25岁以下,硕士,不限,应届生或具有3年工作经验，具有较强的专业知识与技能，拥有J2EE开发经验者优先。,4,15,无,无,均可,国内,开发区,张金华18622502165
宜科（天津）电子有限公司,产品经理,自动化、机电、测控相关,不限,不限,不限,具有5年工作经验，具有扎实的电气控制与机械方面的知识和经验，从事过技术服务性质的工作者优先。良好的英文技术资料阅读能力；具有敬业精神和较强的人际沟通能力。,2,9.6,面议,面议,刚性,国内,西青区,刘薇        022-23788282
,电气自动化工程师,自动化、机电一体化相关,不限,不限,不限,"具有5年汽车、冶金、污水、水泥等任一行业中工艺自动控制工程项目经验。熟悉西门子、Rockwell AB、施耐德等自动化产品；熟练运用品牌的PLC进行工程绘图、系统集成、行业应用软件编程、现场安装调试施工指导；较强的表达能力和人际沟通能力,对新产品有快速学习能力；能胜任在全国各地出差，能熟练使用英文或德文进行口语交流者优先。",5,9.6,面议,面议,刚性,国内,,
,非标机械设计工程师,机械、自动化相关,不限,不限,不限,具有5年非标自动化设备设计经验，能独立完成设备机械图纸设计、机械零件图纸设计、装配调试熟悉加工工艺。熟练CATIA、SolidWorks、CAD等设计软件；优秀的团队精神并注重结果，反应敏捷；能胜任在全国各地出差，能熟练使用英文或德文进行口语交流者优先。,2,9.6,面议,面议,刚性,国内,,
,大项目经理,机械、自动化相关,不限,不限,不限,具有5年自动化设备设计经验，能独立完成设备机械方案设计、电气方案设计、熟悉加工工艺。优秀的团队精神并能协调各部门工作安排，优秀的沟通协调能力；对市场动态敏感，能熟练使用英文或德文进行口语交流者优先。,2,9.6,面议,面议,刚性,国内,,
,电子研发工程师,自动化、测控、电子相关,不限,不限,不限,"深入了解嵌入式系统硬件开发环境，熟悉电路设计，具有高速电路设计、多层板设计和调试经验。数字逻辑电路和模拟电路基础良好,具有较强的电路分析能力；熟悉各种嵌入式处理器，具有高端微处理、ARM和FPGA实际开发工作经验；熟悉EDA软件，熟悉C与程序设计方法，能独立编写硬件测试程序；工作认真主动，态度积极，具有强烈的责任心，良好的团队协作和沟通能力；有激光测距、激光传感器开发经验者优先录取。",2,9.6,面议,面议,刚性,国内,,
天津光电集团有限公司,无线通信研发,通信、电子,25-40岁,硕士及以上,不限,具有海外学历或工作经历，或国内知名院校毕业。有相关项目经验者优先。擅长短波、超短波或微波波段无线通信系统、链路或架构技术研发工作，技术方向不限（FPGA、中射频、嵌入式、硬件等）。,1,面议,无,宿舍,均可,不限,河西区,赵剑秋 28261373
,计算机软件研发,通信、电子、计算机,25-40岁,硕士及以上,不限,具有海外学历或工作经历，或国内知名院校毕业。有相关项目经验者优先。擅长电子通信产品PC端应用软件、底层协议软件或系统设计研发工作。,1,面议,无,宿舍,均可,不限,,
,信息安全研发,通信、电子、计算机,25-40岁,硕士及以上,不限,具有海外学历或工作经历，或国内知名院校毕业。有相关项目经验者优先。擅长网络数据通信、手机通信数据加密等技术研发工作。,1,面议,无,宿舍,均可,不限,,
天津七六四通信导航技术有限公司,卫星导航设计师,通信、电子类,不限,硕士及以上,中级及以上,具有3年以上工作经验。对卫星导航定位算法、抗干扰算法、接收机等有深入研究。,3,面议,根据项目确定,面议,均可,不限,高新区,范海洋     022-88261803
天津通信广播集团有限公司,嵌入式软件开发工程师,通信、电子,25-38岁,硕士及以上,工程师以上,具有3年以上工作经验。精通VisualC++、C/C++、高级语言编程、嵌入式操作系统。,3,面议,根据项目确定,单身宿舍,均可,不限,河北区,马越   26237636
,数字电视应用开发工程师,电子、计算机、通信,25-38岁,硕士及以上,工程师以上,"具有3年以上工作经验。精通C,C++编程, Linux操作系统及开发环境，SVN等版本控制工具，熟悉项目管理和软件生命周期开发过程。",2,面议,根据项目确定,单身宿舍,均可,不限,,
,硬件开发工程师,通信、电子,25-38岁,不限,工程师以上,具有3年以上工作经验。精通数字电路或模拟电路知识，较强的电路设计、调试能力，精通各种测试仪器。,3,面议,根据项目确定,单身宿舍,均可,不限,,
天津中环半导体股份有限公司,IGBT项目储备,电子技术、电子信息工程、电力、微电子学等,25-35岁,硕士,不限,有半导体IGBT产品相关的研发工作经验，熟悉产品应用环境，并了解竞争产品情况。以IGBT产品的研发产业化为主要工作内容，加强项目组产品开发推广的技术能力。IGBT产品版图与工艺设计其相关工作；IGBT产品开发过程中的关键单步工艺、工艺整合、流片和测试分析工作等。,5,12,面议,无,均可,不限,高新区,夏斌13682056356
天津普林电路股份有限公司,工艺技术高级工程师,化学，高分子材料，机械等相关,不限,不限,高级工程师优先,有相关行业工作经验；对电镀、印刷阻焊等电路板制造关键工艺有相关经验的优先。能够培育团队并指导团队快速解决产品技术问题；精通电路板制造相关的工艺原理及流程控制，或有独到见解的。,2月3日,面议,按需协商配置,面议,均可,不限,滨海新区,周莉莉13820421511
天津博瑞泰电子有限公司,销售副总,营销,38岁,不限,中级,从事销售工作5年。具有与国内大型家电企业合作经验，具有开发能力，团队建设能力。,1,12,提供,提供,均可,不限,西青区,刘薇        022-23788282
,技术总监,机械,38岁,不限,中级,制造行业5年工作经验，具有项目实施业绩。具有机械软件使用能力，丝网行业工作经历，对国内丝网行业发展具有敏感性，具有创新、开发能力。,1,12,提供,提供,均可,不限,,
天津市东明电子工业有限公司,注塑或模具工程师,机械制造与自动化,35-45岁,不限,中级及以上,具有10年以上注塑现场调试、管理经验及自动化设备研发经验。熟练掌握注塑机生产、模具制造原理，调机及分析的能力强，可自行研发自动化设备。,1,面议,面议,提供员工宿舍,均可,不限,西青区,王玉林      022-83983322
,高级技师,机械制造与自动化,35-40岁,不限,高级技师,8年以上注塑现场调试经验及自动化设备研发经验。熟练掌握注塑机生产、模具制造原理，调机及分析的能力强，可自行研发自动化设备。,1,面议,面议,提供员工宿舍,均可,不限,,
天津卓郎科技发展有限公司,高级软件研发工程师,不限,不限,不限,不限,具有5年软件研发经历，至少3年Java使用经验。熟练掌握Java、JSP、XML、JavaScript、Html等开发语言；熟练掌握基于Web的应用程序开发；熟练运用主流开源框架Struts或Spring MVC、Spring IoC；熟悉软件工程理论，曾参与至少3个Java应用软件项目的设计；能熟练阅读英文资料。有互联网行业相关工作经验者优先。,5,10.8,无,无,刚性,不限,红桥区,范迎春 86516130
天津电气科学研究院有限公司,微网领域专家,电力系统,35-45岁,博士,不限,国内外知名高校毕业，在微网领域有较高知名度，主持过微网系统研究。,1,40,50,提供,柔性,海外,河东区,潘娜       022-84376206
,电力系统专家,电力系统,35-45岁,博士,不限,国内外知名高校毕业，在电气电力领域有较高知名度，主持过微网系统研究。,1,40,50,提供,柔性,海外,,
,逆变器领域专家,电力电子,35-45岁,博士,不限,在国内知名高校有过任职经历，主持过变频器研发。,1,5万元/年（兼）,20万元,无,柔性,国内,,
,DC/DC领域专家,电力电子,35-55岁,博士,不限,在国内知名高校有过任职经历，主持过开关电源研发。,1,,20万元,无,柔性,国内,,
,研发高级工程师,伺服驱动,30-55岁,不限,高级工程师,伺服驱动变频器产品主要研发者。有产品研发经验、独立研发能力、团队合作精神。所研发伺服驱动变频器产品已投入市场，达到国际先进水平。,1,面议,100万元,无,刚性,国内,,
,高级架构师,软件工程相关,40岁以下,硕士,不限,重点院校计算机软件或相关专业硕士研究生；大型软件公司4年工作经验。设计并管理过100元级别的软件项目，成功上线并持续运行；对企业级软件项目开发涉的所有技术领域都有所涉猎，包含服务器、存储、网络等硬件以Firmware、OS、应用等软件，彻底地理解项目需求，开展分析设计之类软件工程活动等；对Vmware、Citrix、MS等虚拟化，云平台有较为深入的理解和二次开发经验；精通构架设计的理论、实践和工具；具有优秀的沟通能力。,1,20,20元,无,刚性,国内,,
天津天海同步集团有限公司,机械工程师,机械,不限,不限,工程师以上,具有5年以上相关工作经验。,10,面议,无,无,均可,不限,静海县,孙大明 68609782
,质量工程师,质量管理,不限,不限,工程师以上,具有5年以上相关工作经验。,2,面议,无,无,均可,不限,,
软通动力信息技术有限公司,高级销售总监,系统集成、计算机,30-35岁,不限,不限,有IT行业软硬件销售经验；系统集成项目销售经验。,2,30,无,无,刚性,国内,保税区,王莲   24892222
浙江大学滨海产业技术研究院,科研管理部,工科优先,不限,博士,副主任 ,有经验优先。有较强的科研工作和管理协调能力。,1,面议,无,无,均可,不限,高新区,苏航       022-59901553
,,,,硕士及以上,项目主管,,3,面议,无,无,均可,不限,,
,技术转移中心,工科优先,,硕士及以上,项目主管,参与研发项目或具有产业研发经验。独立或协助策划、组织科技项目的申报。撰写相关文稿，负责技术转移、科技咨询、知识产权服务、科技培训。,1,面议,无,无,均可,不限,,
,国际绿色创新研究中心,计算机相关,不限,硕士及以上,项目主管,具有5年以上互联网行业应用系统开发经验。熟练掌握java语言，熟悉Struts、Spring、Hibernate等主流框架；精通Web及前端技术（包括Javascript、ajax、json、jQuery、extJS等开发框架）；熟练操作Oracle、MS SQLSERVER等主流数据库技术，并擅长SQL优化。,1,面议,无,无,均可,不限,,
,,,不限,,技术支持工程师,"具有1年以上SQL Server/Oracle 数据库管理和运维经验,熟悉SQL语言,有数据库设计或性能优化的经验。熟悉Windows,Linux/Unix服务器操作系统,具有一定的系统安装、配置及维护能力，负责产品及系统的现场部署、调试与客户培训、客户需求文档的整理归档、客户安装调试报告及验收报告的签收工作。",5,面议,无,无,均可,不限,,
,智能检测研究中心,计算机相关,不限,硕士及以上,电子电路设计工程师,电子类工作经验3年以上。熟悉dsp、FPGA、ARM、CPLD等开发技术至少两种以上，并具有相关经验；熟练运用protel、cadence等绘图软件及PCB设计；熟悉电磁兼容与干扰设计及可靠性设计原理；熟悉C、C++编程与调试。,2,面议,无,无,均可,不限,,
,,电子相关,不限,,电子电路调试工程师,电子类工作经验1年以上。熟悉pcb绘图与设计；熟悉c51、dsp、fpga、arm等的调试方法至少一种。,3,面议,无,无,均可,不限,,
,,电子相关,,硕士及以上,软件工程师,熟悉C/C++，C#或者Java熟悉嵌入式开发（优先）。,2,面议,无,无,均可,不限,,
,,,,,相控阵超声项目工程师,深刻理解超声导波的原理，熟练使用超声导波相关的仿真软件。,2,面议,无,无,均可,不限,,
,,,,,Java开发工程师,"精通Java开发，精通性能调优；熟悉J2EE，JAVAWEB编程技术,对各种开源的框架如Spring、Hibernate等有深入的应用和优化经验。熟悉数据库（MySql，Oracle）使用，设计，调优。熟练掌握各类常用数据结构和相关算法。",4,面议,无,无,均可,不限,,
,,,不限,,C#开发工程师,精通.Net平台和C# WinForm开发，熟练掌握ADO.net相关技术，具有4年以上相关工作经验熟练C#中HTTPWebservice等相关网络开发技术和XML相关技术。熟练SQL编写，至少熟练使用MS SQL Server、Oracle和MySQL中的一种熟练掌握C#中的反射和依赖注入等技术。,2,面议,无,无,均可,不限,,
,软件研发总监,计算机、网络、软件,33岁以上,不限,中级,具有8年以上软件研发经验。可负责软件架构，并合理安排团队人员进行项目研发。,2,面议,面议,无,均可,不限,,
,董事长特别助理,中文、国际贸易、秘书类,25岁,不限,不限,具有3年以上总经理（总裁或董事长）助理经验。有良好的统筹安排能力、文笔书写能力佳、流利的英文、能出差。,1,面议,无,无,均可,不限,,
,公共事务部部长,不限,30岁以上,不限,不限,具有5年以上政府支持项目申报经验。了解国家和本地区的政策法规、熟悉政府项目的相关办理流程及人员、能独立申请项目。,1,面议,无,无,均可,国内,,
,网络策划部部长,中文类,25岁以上,不限,不限,具有3年以上网络推广、网络销售经验。了解网络媒体的推广方式、能独立策划实施产品的网络销售模式。,2,面议,无,无,均可,国内,,
天津游爱网络技术有限公司,程序,计算机,不限,不限,不限,至少具有3年相关工作经验，具有手游行业主程能力。,1月2日,20.4,无,无,均可,不限,高新区,王志鸾15522946566
未来电视有限公司,副总经理,计算机类,40-50岁,硕士,不限,知名互联网企业技术管理高管岗位任职经验。熟悉音视频、CDN等技术系统。,1,60,无,提供,均可,海外优先,保税区,季武15901203885
,技术经理/总监,计算机类,40-50岁,硕士,不限,具有知名互联网企业技术管理高管岗位任职经验，熟悉音视频、CDN等技术系统。,3,60,面议,提供,均可,不限,,
中国电子科技集团公司第五十三研究所,专业技术研发,电子信息工程、电路与系统、信号处理/图像处理、软件工程,30岁以下,硕士,不限,具有电子信息系统、电路系统设计、信号图像识别处理、软件系统集成设计等的自主研发能力。,6,3.6,无,博士提供一次性住房补贴周转性住房,均可,国内,保税区,孙成元    0416-2814774
,专业技术研发,红外、光电子、激光、光学/光学结构设计,30岁以下,硕士,不限,具有从事光电、激光器等产品设计，以光学/光学机构设计、加工、装调等的研发能力。,4,3.6,无,,均可,国内,,
,专业技术研发,机械制造其自动化、控制制导与控制技术,30岁以下,硕士,不限,具有从事机械结构系统结构工艺的自主研发能力，以从事系统控制精密光机控制的研发能力。,4,3.6,无,,均可,国内,,
,专业技术研发,火炮、自动武器与弹药技术、兵器发射理论与技术,30岁以下,硕士,不限,具有弹药结构、烟火药剂特殊材料设计的研发能力。,2,3.6,无,,均可,国内,,
,专业技术研发,计算数学,30岁以下,硕士,不限,具有从事软件算法、仿真模拟的自主研发能力。,1,3.6,无,,均可,国内,,
天津子牙循环经济产业区管理委员会,技术研发,化学工程,35岁以下,博士,高级工程师,循环经济工作3年以上工作经验。拥有自主发明专利和技术。,1,面议,无,无,刚性,国内,静海县,汤桂兰 68713202
,技术研发,机械化设计与自动化,35岁以下,博士,高级工程师,循环经济工作3年以上工作经验。拥有自主发明专利和技术。,1,面议,无,无,刚性,国内,,
天津宇光光学有限公司,高级光学工程师,物理,35岁,硕士,不限,具有3年以上工作经验。有优秀管理能力。,1,面议,无,无,柔性,国内,高新区,孔祥鸣 23724960
精武镇,创新创业人才,新能源新材料、环保科技,不限,硕士及以上,中级及以上,拥有自主知识产权和发明专利，本人或率团队来本镇创新创业的专业技术人才。行业内业绩、能力突出，获得同行公认或有成功创办领办企业经验。,2,面议,面议,面议,不限,不限,西青区,张天伦15022784566
天津市津安创新金属制品有限公司,销售总监,市场营销,30-45岁,不限,不限,具有8年以上相关工作经验，有销售团队管理经验，业绩突出。,1,面议,无,无,刚性,国内,北辰区,王伟   86810555
,技术总监,材料,30-45岁,不限,不限,具有8年以上相关工作经验，有技术团队管理经验，懂立体车位的研发、生产技术。,1,面议,无,无,刚性,国内,,
天津市辰泰新材料集团有限公司,工艺工程师,冶炼、有色金属压延类相关,33-45岁,不限,工程师,"具有8年有色金属加工企业相关工作经验。依据公司各项管理规定、工艺技术规程,承担轧钢、脱脂清洗、平整等工艺技术规程审定、优化检查、考核，质量异议、质量事故的分析纠正预防措施的制定、技术合同评审等工作，给领导决策提供技术信息支持，保障各条生产线生产工艺的稳定。",1月2日,12,无,宿舍,刚性,国内,北辰区,
,机械工程师,机械工程类相关,33-45岁,不限,工程师,具有8年机械设备维护、检修工作经验。能够熟悉诊断和处理设备的故障，制定点检定修技术标准，指导基层点检定修工作的开展，通过技术改造和加强维护，降低设备故障率，降低维修费用熟练掌握机械、液压原理、机械加工工艺、机械测量工具使用知识；熟练操作CAD绘图以Office办公软件。,1月2日,12,无,宿舍,刚性,国内,,
,电气工程师,电气工程类相关,33-45岁,不限,工程师,具有8年压延加工企业相关同岗位工作经验。精通Pro-E、CAD等相关技术软件和办公软件；精通电气控制理论，了解控制单元器件以机械传动，液压、拨动相关知识，西门子PLC控制；熟悉冶金设备，特别是冷轧行业的相关专业者优先；工作认真负责，严谨细致，有良好的团队精神和沟通协调能力。,1月2日,12,无,宿舍,刚性,国内,,
,质量工程师,冶金或金属材料学类相关,33-45岁,不限,工程师,具有8年压延加工企业相关同岗位工作经验。协助建立和完善质量管理体系并贯彻实施；建立本厂检测质量管理档案；负责进行质量管理培训和指导内部质量管理审核；负责进料、生产过程中产品和成品的质量检验和质量保证；指导下属实施标准，更好的落实质量标准要求；组织对质量事故进行分析、处理，提出改进措施，建立质量事故处理档案；熟悉质量管理和质量体系运行，熟悉产品技术工艺质量方面的要求标准。,1月2日,12,无,宿舍,刚性,国内,,
,液压工程师,电气工程类相关,33-45岁,不限,工程师,具有8年压延加工企业相关同岗位工作经验。负责集团内机械液压设备的技术管理工作；处理解决机械液压设备技术难题，确保设备正常运行；参与技改、措施项目方案、技术参数审定项目的实施工作。熟悉设备技术管理点检定修管理；有相应机械液压一体工作经验，能时判断分析、处理解决设备运行中遇到的技术难题；熟悉轧钢行业相关液压设备。,1月2日,12,无,宿舍,刚性,国内,,
天津联欣盈塑胶科技有限公司,高级管理人员,企业管理,33岁以上,硕士及以上,副总经理,具有5年以上工作经验，懂得注塑行业专业技术。,1,面议,面议,面议,均可,不限,西青区,任富疆      022-27949222
天津忠旺铝业有限公司,研发,金属材料,40岁以下,博士,研发工程师,知名大学或研究院（所）毕业，有优秀的研发理念；研发思路清晰，研发方向为铝合金或对铝合金有了解的优先。,10,12,无,提供,刚性,国内,武清区,李志刚13752378058
天津美迪亚影像材料有限公司,材料工程师,不限,不限,硕士及以上,中级以上,熟悉感光材料制备和工艺。具备独立申请专利和承担科研项目的能力，组织协调能力强。,2,面议,无,无,均可,不限,河西区,谢小英2288113472
,机械工程师,机械、自动化、电气工程等,不限,硕士及以上,中级以上,熟悉化工化学材料的生产工艺。具备独立申请专利和承担科研项目的能力，组织协调能力强。,2,面议,无,无,均可,不限,,
天津市儿童医院,儿内科,儿内,45岁左右,硕士及以上,中级以上           或副高以上,三甲医院工作经历10年以上或国外著名医疗机构临床工作经历5年以上。,5,面议,面议,面议,刚性,不限,河西区,人事科     022-23519994
,儿外科,儿外,45岁左右,硕士及以上,,三甲医院工作经历10年以上或国外著名医疗机构临床工作经历5年以上。,3,面议,面议,面议,刚性,不限,,022-23519994
,小儿五官科,小儿五官,45岁左右,硕士及以上,,三甲医院工作经历10年以上或国外著名医疗机构临床工作经历5年以上。,2,面议,面议,面议,刚性,不限,,022-23519994
天津市海河医院,呼吸科,呼吸内科,45岁以下,博士                 ,不限,有较强的科研及带教能力。,1,面议,面议,面议,刚性,不限,和平区,人事科     022-58830036
,妇产科,妇产科,45岁以下,硕士及以上,副高级及以上,有较强的科研及带教能力，业务精湛。,2,面议,面议,面议,刚性,不限,,022-58830036
,胸外科,胸外科,45岁以下,硕士,,有较强的科研及带教能力，业务精湛。,2,面议,面议,面议,刚性,不限,,022-58830036
,肿瘤科,肿瘤内科,45岁以下,硕士及以上,,有较强的科研及带教能力，业务精湛。,1,面议,面议,面议,刚性,不限,,022-58830036
,内分泌,内分泌与代谢,45岁以下,硕士及以上,,有较强的科研及带教能力，业务精湛。,1,面议,面议,面议,刚性,不限,,022-58830036
,介入室,介入,45岁以下,硕士,,有较强的科研及带教能力，熟练掌握介入技术。,1,面议,面议,面议,刚性,不限,,022-58830036
,麻醉科,麻醉,45岁以下,硕士,,有较强的科研及带教能力，业务精湛。,1,面议,面议,面议,刚性,不限,,022-58830036
,普外科,普外,45岁以下,硕士,,有较强的科研及带教能力，业务精湛。,1,面议,面议,面议,刚性,不限,,022-58830036
,神经内科,神经内科,45岁以下,硕士,,有较强的科研及带教能力，业务精湛。,1,面议,面议,面议,刚性,不限,,022-58830036
,神经外科,神经外科,45岁以下,硕士,,有较强的科研及带教能力，业务精湛。,1,面议,面议,面议,刚性,不限,,022-58830036
,检验科,分子生物,45岁以下,硕士及以上,,有较强的科研及带教能力，业务精湛。,1,面议,面议,面议,刚性,不限,,022-58830036
,放射科,影像诊断,45岁以下,硕士,,有较强的科研及带教能力，业务精湛。,1,面议,面议,面议,刚性,不限,,022-58830036
,病理科,病理诊断,45岁以下,硕士及以上,,有较强的科研及带教能力，业务精湛。,1,面议,面议,面议,刚性,不限,,022-58830036
天津市第四中心医院,"肿瘤血液科
学科带头人",肿瘤血液科,45岁以下,硕士及以上,高级,有三级医院工作经历，近五年内有省部级科研课题。,1,面议,面议,面议,刚性,不限,河北区,人事科     022-26181627
,"皮肤科
学科带头人",皮肤科,45岁以下,硕士及以上,,有三级医院工作经历，近五年内有省部级科研课题。,1,面议,面议,面议,刚性,不限,,022-26181627
,"感染性疾病科
学科带头人",感染性疾病科,45岁以下,硕士及以上,,有三级医院工作经历，近五年内有省部级科研课题。,1,面议,面议,面议,刚性,不限,,022-26181627
,"妇产科
学科带头人",妇产科,45岁以下,硕士及以上,,有三级医院工作经历，近五年内有省部级科研课题。,1,面议,面议,面议,刚性,不限,,022-26181627
,耳鼻咽喉头颈外科学科带头人,耳鼻咽喉头颈外科,45岁以下,硕士及以上,,有三级医院工作经历，近五年内有省部级科研课题。,1,面议,面议,面议,刚性,不限,,022-26181627
,"眼科
学科带头人",眼科,45岁以下,硕士及以上,,有三级医院工作经历，近五年内有省部级科研课题。,1,面议,面议,面议,刚性,不限,,022-26181627
,"麻醉科
学科带头人",麻醉科,45岁以下,硕士及以上,,有三级医院工作经历，近五年内有省部级科研课题。,1,面议,面议,面议,刚性,不限,,022-26181627
,"口腔科
学科带头人",口腔科,45岁以下,硕士及以上,,有三级医院工作经历，近五年内有省部级科研课题。,1,面议,面议,面议,刚性,不限,,022-26181627
,"心胸外科
学科带头人",心胸外科,45岁以下,硕士及以上,,有三级医院工作经历，近五年内有省部级科研课题。,1,面议,面议,面议,刚性,不限,,022-26181627
,"内分泌科
学科带头人",内分泌科,45岁以下,硕士及以上,,有三级医院工作经历，近五年内有省部级科研课题。,1,面议,面议,面议,刚性,不限,,022-26181627
,"普通外科
学科带头人",普通外科,45岁以下,硕士及以上,,有三级医院工作经历，近五年内有省部级科研课题。,1,面议,面议,面议,刚性,不限,,022-26181627
天津市疾病预防控制中心,传染病控制岗,传染病控制,45岁以下,博士,高级,具有公共卫生学背景，取得博士学位后1年以上本专业工作经历。独立主持或作为主要骨干参与过课题（项目）研究的全过程并做出显著成绩；在国内外学术界有一定的影响，能把握本学科领域的发展方向和最新发展动态，具有长远的战略构思，能带领一支队伍在国际科学前沿从事研究并做出过具有国际领先水平的创新成果。在本学科领域有较深的学术造诣，发表过3篇以上被SCI收录的研究论文或拥有重大发明（专利）；有广阔的专业知识和综合应用能力；思想素质好，有创新开拓精神和一定的组织管理能力，特别是具有为我国预防医学事业发展而艰苦创业的奉献精神。,1,面议,面议,面议,刚性,不限,河东区,人事科     022-24333637
,艾滋病控制岗,艾滋病控制,45岁以下,博士,高级,在本学科领域有较深的学术造诣，发表过3篇以上被SCI收录的研究论文或拥有重大发明（专利）；有广阔的专业知识和综合应用能力；思想素质好，有创新开拓精神和一定的组织管理能力，特别是具有为我国预防医学事业发展而艰苦创业的奉献精神。,1,面议,面议,面议,刚性,不限,,022-24333637
,食品安全岗,食品中毒处置、研究等,45岁以下,博士,高级,具有公共卫生学背景，取得博士学位后1年以上本专业工作经历。独立主持或作为主要骨干参与过课题（项目）研究的全过程并做出显著成绩；在国内外学术界有一定的影响，能把握本学科领域的发展方向和最新发展动态，具有长远的战略构思，能带领一支队伍在国际科学前沿从事研究并做出过具有国际领先水平的创新成果。在本学科领域有较深的学术造诣，发表过3篇以上被SCI收录的研究论文或拥有重大发明（专利）；有广阔的专业知识和综合应用能力；思想素质好，有创新开拓精神和一定的组织管理能力，特别是具有为我国预防医学事业发展而艰苦创业的奉献精神。,1,面议,面议,面议,刚性,不限,,022-24333637
天津市天津医院,骨科,骨外科学,50岁以下,博士,中级及以上,能够胜任所需岗位要求，具有一定的医教研能力，在专业领域发表具有一定影响力文章，具备较强的科研能力。,5,面议,面议,面议,刚性,不限,河西区,人事科     022-60910632
,ICU,重症医学、内科、急诊医学,50岁以下,博士,,能够胜任所需岗位要求，具有一定的医教研能力，在专业领域发表具有一定影响力文章，具备较强的科研能力。,1,面议,面议,面议,刚性,不限,,022-60910632
,皮肤科,皮肤病与性病学,50岁以下,博士,,能够胜任所需岗位要求，具有一定的医教研能力，在专业领域发表具有一定影响力文章，具备较强的科研能力。,1,面议,面议,面议,刚性,不限,,022-60910632
,耳鼻喉科,耳鼻咽喉学,50岁以下,博士,,能够胜任所需岗位要求，具有一定的医教研能力，在专业领域发表具有一定影响力文章，具备较强的科研能力。,1,面议,面议,面议,刚性,不限,,022-60910632
,眼科,眼科学,50岁以下,博士,,能够胜任所需岗位要求，具有一定的医教研能力，在专业领域发表具有一定影响力文章，具备较强的科研能力。,1,面议,面议,面议,刚性,不限,,022-60910632
,放射科,医学影像学,50岁以下,博士,,能够胜任所需岗位要求，具有一定的医教研能力，在专业领域发表具有一定影响力文章，具备较强的科研能力。,1,面议,面议,面议,刚性,不限,,022-60910632
,妇产科,妇产科学,50岁以下,博士,,能够胜任所需岗位要求，具有一定的医教研能力，在专业领域发表具有一定影响力文章，具备较强的科研能力。,1,面议,面议,面议,刚性,不限,,022-60910632
,妇产科,儿科学,50岁以下,博士,,能够胜任所需岗位要求，具有一定的医教研能力，在专业领域发表具有一定影响力文章，具备较强的科研能力。,1,面议,面议,面议,刚性,不限,,022-60910632
,检验科,医学检验学,50岁以下,博士,,能够胜任所需岗位要求，具有一定的医教研能力，在专业领域发表具有一定影响力文章，具备较强的科研能力。,1,面议,面议,面议,刚性,不限,,022-60910632
,泌尿外科,泌尿外科、外科学,50岁以下,博士,,能够胜任所需岗位要求，具有一定的医教研能力，在专业领域发表具有一定影响力文章，具备较强的科研能力。,1,面议,面议,面议,刚性,不限,,022-60910632
,心内科,心血管内科学,50岁以下,博士,,能够胜任所需岗位要求，具有一定的医教研能力，在专业领域发表具有一定影响力文章，具备较强的科研能力。,1,面议,面议,面议,刚性,不限,,022-60910632
,内科,呼吸、消化、血液病学,50岁以下,博士,,能够胜任所需岗位要求，具有一定的医教研能力，在专业领域发表具有一定影响力文章，具备较强的科研能力。,1,面议,面议,面议,刚性,不限,,022-60910632
,内分泌科,内分泌与代谢病学,50岁以下,博士,,能够胜任所需岗位要求，具有一定的医教研能力，在专业领域发表具有一定影响力文章，具备较强的科研能力。,1,面议,面议,面议,刚性,不限,,022-60910632
,风湿免疫科,风湿病学,50岁以下,博士,,能够胜任所需岗位要求，具有一定的医教研能力，在专业领域发表具有一定影响力文章，具备较强的科研能力。,1,面议,面议,面议,刚性,不限,,022-60910632
,超声科,医学影像学,50岁以下,博士,,能够胜任所需岗位要求，具有一定的医教研能力，在专业领域发表具有一定影响力文章，具备较强的科研能力。,1,面议,面议,面议,刚性,不限,,022-60910632
,急诊,急诊医学,50岁以下,博士,,能够胜任所需岗位要求，具有一定的医教研能力，在专业领域发表具有一定影响力文章，具备较强的科研能力。,1,面议,面议,面议,刚性,不限,,022-60910632
,放疗科,放射治疗学,50岁以下,博士,,能够胜任所需岗位要求，具有一定的医教研能力，在专业领域发表具有一定影响力文章，具备较强的科研能力。,1,面议,面议,面议,刚性,不限,,022-60910632
,神经科,神经外科学,50岁以下,博士,,能够胜任所需岗位要求，具有一定的医教研能力，在专业领域发表具有一定影响力文章，具备较强的科研能力。,1,面议,面议,面议,刚性,不限,,022-60910632
,血管外科,血管外科、外科学,50岁以下,博士,,能够胜任所需岗位要求，具有一定的医教研能力，在专业领域发表具有一定影响力文章，具备较强的科研能力。,1,面议,面议,面议,刚性,不限,,022-60910632
,康复科,康复医学与运动医学,50岁以下,博士,,能够胜任所需岗位要求，具有一定的医教研能力，在专业领域发表具有一定影响力文章，具备较强的科研能力。,1,面议,面议,面议,刚性,不限,,022-60910632
,口腔科,口腔颌面外科学,50岁以下,博士,,能够胜任所需岗位要求，具有一定的医教研能力，在专业领域发表具有一定影响力文章，具备较强的科研能力。,1,面议,面议,面议,刚性,不限,,022-60910632
,口腔科,口腔颌面内科学,50岁以下,博士,,能够胜任所需岗位要求，具有一定的医教研能力，在专业领域发表具有一定影响力文章，具备较强的科研能力。,1,面议,面议,面议,刚性,不限,,022-60910632
,口腔科,口腔修复学,50岁以下,博士,,能够胜任所需岗位要求，具有一定的医教研能力，在专业领域发表具有一定影响力文章，具备较强的科研能力。,1,面议,面议,面议,刚性,不限,,022-60910632
,麻醉科,麻醉学或疼痛学,50岁以下,博士,,能够胜任所需岗位要求，具有一定的医教研能力，在专业领域发表具有一定影响力文章，具备较强的科研能力。,1,面议,面议,面议,刚性,不限,,022-60910632
,中医科,中医学,50岁以下,博士,,能够胜任所需岗位要求，具有一定的医教研能力，在专业领域发表具有一定影响力文章，具备较强的科研能力。,1,面议,面议,面议,刚性,不限,,022-60910632
,中西结合,针推、骨伤,50岁以下,博士,,能够胜任所需岗位要求，具有一定的医教研能力，在专业领域发表具有一定影响力文章，具备较强的科研能力。,1,面议,面议,面议,刚性,不限,,022-60910632
,营养科,营养与食品卫生、临床医学,50岁以下,博士,,能够胜任所需岗位要求，具有一定的医教研能力，在专业领域发表具有一定影响力文章，具备较强的科研能力。,1,面议,面议,面议,刚性,不限,,022-60910632
,病理科,病理学,50岁以下,博士,,能够胜任所需岗位要求，具有一定的医教研能力，在专业领域发表具有一定影响力文章，具备较强的科研能力。,1,面议,面议,面议,刚性,不限,,022-60910632
,生物力学室,生物医学工程、生物力学 ,50岁以下,博士,,能够胜任所需岗位要求，具有一定的医教研能力，在专业领域发表具有一定影响力文章，具备较强的科研能力。,1,面议,面议,面议,刚性,不限,,022-60910632
天津市职业病防治院,眼科,眼科学,45岁以下,不限,副主任医师及以上,具有三级医院工作经历；良好的学术与职业道德；丰富的专业理论知识与临床实践技能；较高的学术水平和科研工作能力；较强的组织协调能力和学科建设能力。男性50岁以下。,1,面议,面议,面议,刚性,不限,河东区,人事科     022-24334221
,皮肤科,皮肤病,45岁以下,不限,,具有三级医院工作经历；良好的学术与职业道德；丰富的专业理论知识与临床实践技能；较高的学术水平和科研工作能力；较强的组织协调能力和学科建设能力。男性50岁以下。,1,面议,面议,面议,刚性,不限,,022-24334222
,口腔科,口腔医学,45岁以下,不限,,具有三级医院工作经历；良好的学术与职业道德；丰富的专业理论知识与临床实践技能；较高的学术水平和科研工作能力；较强的组织协调能力和学科建设能力。男性50岁以下。,1,面议,面议,面议,刚性,不限,,022-24334223
,外科,外科学,45岁以下,不限,,具有三级医院工作经历；具有良好的学术与职业道德；丰富的专业理论知识与临床实践技能；较高的学术水平和科研工作能力；较强的组织协调能力和学科建设能力。男性50岁以下。,1,面议,面议,面议,刚性,不限,,022-24334224
,肾内科,肾病学,45岁以下,不限,,具有良好的学术与职业道德；丰富的专业理论知识与临床实践技能；较高的学术水平和科研工作能力；较强的组织协调能力和学科建设能力。男性50岁以下。,1,面议,面议,面议,刚性,不限,,022-24334225
天津市安定医院,精神卫生医疗岗,精神病与精神卫生,35岁以下,硕士及以上        ,副主任医师及以上,有临床带教和科研能力，发表SCI文章，获科技进步奖者优先考虑。博士：副主任医师；硕士：副主任医师及以上；硕士生导师。,5,面议,面议,面议,刚性,不限,河西区,人事科     022-88188058
天津医学高等专科学校,护理专业教学岗,护理学,45岁以下,博士,高级职称,"三年及以上临床护理工作经历,有一定的教学能力。",1,面议,面议,面议,刚性,不限,河西区,人事科     022-60276653
,医学系教学岗,临床医学,45岁以下,博士,,三年及以上临床、教学工作经历，有一定的科研能力。,1,面议,面议,面议,刚性,不限,,022-60276654
,基础医学专业教学岗,基础医学,45岁以下,博士,,三年及以上临床、教学工作经历，有一定的科研能力。,1,面议,面议,面议,刚性,不限,,022-60276655
天津市第二人民医院,外科临床,普外偏肝胆外科,45岁以下,硕士及以上,主任医师,三级甲等医院技术骨干。男性50岁以下。,1,面议,面议,面议,刚性,不限,河北区,人事科     022-27468860
,放射科,医学影像,45岁以下,硕士及以上,,三级甲等医院技术骨干。男性50岁以下。,1,面议,面议,面议,刚性,不限,,022-27468860
,妇产科,妇产科,45岁以下,硕士及以上,,三级甲等医院技术骨干。男性50岁以下。,1,面议,面议,面议,刚性,不限,,022-27468860
天津市口腔医院,病理科,口腔病理,35岁以下,博士,中级及以上,取得博士学位，具有一定的临床、科研、教学经历和能力，综合素质优秀。,1,面议,面议,面议,刚性,不限,和平区,人事科     022-27126510
,儿童口腔科,儿童口腔,35岁以下,博士,,取得博士学位，具有一定的临床、科研、教学经历和能力，综合素质优秀。,1,面议,面议,面议,刚性,不限,,022-27126510
,口腔正畸科,口腔正畸,35岁以下,博士,,取得博士学位，具有一定的临床、科研、教学经历和能力，综合素质优秀。,2,面议,面议,面议,刚性,不限,,022-27126510
,牙体牙髓病科,牙体牙髓病,35岁以下,博士,,取得博士学位，具有一定的临床、科研、教学经历和能力，综合素质优秀。,2,面议,面议,面议,刚性,不限,,022-27126510
,牙周病科,牙周病,35岁以下,博士,,取得博士学位，具有一定的临床、科研、教学经历和能力，综合素质优秀。,1,面议,面议,面议,刚性,不限,,022-27126510
,整形美容科,整形外科,35岁以下,博士,,取得博士学位，具有一定的临床、科研、教学经历和能力，综合素质优秀。,1,面议,面议,面议,刚性,不限,,022-27126510
天津市胸科医院,心血管内科,心血管内科,40岁以下,医学博士,副高及以上,重点院校毕业生、英语六级。临床和科研能力较强，并且具有组织协调能力；在学术团体兼职或在专业期刊杂志兼任编委人员重点考虑。,5,面议,面议,面议,刚性,不限,津南区,人事科     022-88185168
,胸外科,胸外科,40岁以下,医学博士,,重点院校毕业生、英语六级。临床和科研能力较强，并且具有组织协调能力；在学术团体兼职或在专业期刊杂志兼任编委人员重点考虑。,1,面议,面议,面议,刚性,不限,,022-88185168
,呼吸与危重症科,呼吸内科,40岁以下,医学博士,,重点院校毕业生、英语六级。临床和科研能力较强，并且具有组织协调能力；在学术团体兼职或在专业期刊杂志兼任编委人员重点考虑。,5,面议,面议,面议,刚性,不限,,022-88185168
,超声科,超声医学,40岁以下,医学博士,,重点院校毕业生、英语六级。临床和科研能力较强，并且具有组织协调能力；在学术团体兼职或在专业期刊杂志兼任编委人员重点考虑。,1,面议,面议,面议,刚性,不限,,022-88185168
,内分泌科,内分泌科,40岁以下,医学博士,,重点院校毕业生、英语六级。临床和科研能力较强，并且具有组织协调能力；在学术团体兼职或在专业期刊杂志兼任编委人员重点考虑。,1,面议,面议,面议,刚性,不限,,022-88185168
天津市人民医院,肛肠外科医师,外科,45岁以下,博士,高级,三甲医院从事本专业工作6年以上；承担过省部级以上科研课题；具有国家人才称号（长江学者、突贡专家、政府特贴等），年龄可放宽。,3,面议,面议,面议,刚性,不限,红桥区,人事科     022-87729596
,脊柱外科医师,外科或骨外科,45岁以下,博士,,三甲医院从事本专业工作6年以上；承担过省部级以上科研课题；具有国家人才称号（长江学者、突贡专家、政府特贴等），年龄可放宽。,2,面议,面议,面议,刚性,不限,,022-87729596
,创伤骨科医师,手外科或骨科,45岁以下,博士,,三甲医院从事本专业工作6年以上；承担过省部级以上科研课题；具有国家人才称号（长江学者、突贡专家、政府特贴等），年龄可放宽。,1,面议,面议,面议,刚性,不限,,022-87729596
,关节外科医师,骨关节或骨科学,45岁以下,博士,,三甲医院从事本专业工作6年以上；承担过省部级以上科研课题；具有国家人才称号（长江学者、突贡专家、政府特贴等），年龄可放宽。,1,面议,面议,面议,刚性,不限,,022-87729596
,血管科医师,外科学或血管外科,45岁以下,博士,,三甲医院从事本专业工作6年以上；承担过省部级以上科研课题；具有国家人才称号（长江学者、突贡专家、政府特贴等），年龄可放宽。,2,面议,面议,面议,刚性,不限,,022-87729596
,心脏外科医师,心胸外科,45岁以下,博士,,三甲医院从事本专业工作6年以上；承担过省部级以上科研课题；具有国家人才称号（长江学者、突贡专家、政府特贴等），年龄可放宽。,1,面议,面议,面议,刚性,不限,,022-87729596
,普通外科医师,外科学,45岁以下,博士,,三甲医院从事本专业工作6年以上；承担过省部级以上科研课题；具有国家人才称号（长江学者、突贡专家、政府特贴等），年龄可放宽。,2,面议,面议,面议,刚性,不限,,022-87729596
,泌尿外科医师,泌尿外科,45岁以下,博士,,三甲医院从事本专业工作6年以上；承担过省部级以上科研课题；具有国家人才称号（长江学者、突贡专家、政府特贴等），年龄可放宽。,1,面议,面议,面议,刚性,不限,,022-87729596
,妇产科医师,妇产科,45岁以下,博士,,三甲医院从事本专业工作6年以上；承担过省部级以上科研课题；具有国家人才称号（长江学者、突贡专家、政府特贴等），年龄可放宽。,2,面议,面议,面议,刚性,不限,,022-87729596
,神经内科医师,神经病学,45岁以下,博士,,三甲医院从事本专业工作6年以上；承担过省部级以上科研课题；具有国家人才称号（长江学者、突贡专家、政府特贴等），年龄可放宽。,1,面议,面议,面议,刚性,不限,,022-87729596
,消化内科医师,消化内科,45岁以下,博士,,三甲医院从事本专业工作6年以上；承担过省部级以上科研课题；具有国家人才称号（长江学者、突贡专家、政府特贴等），年龄可放宽。,1,面议,面议,面议,刚性,不限,,022-87729596
,心脏内科医师,心血管,45岁以下,博士,,三甲医院从事本专业工作6年以上；承担过省部级以上科研课题；具有国家人才称号（长江学者、突贡专家、政府特贴等），年龄可放宽。,2,面议,面议,面议,刚性,不限,,022-87729596
,肿瘤科医师,肿瘤学,45岁以下,博士,,三甲医院从事本专业工作6年以上；承担过省部级以上科研课题；具有国家人才称号（长江学者、突贡专家、政府特贴等），年龄可放宽。,2,面议,面议,面议,刚性,不限,,022-87729596
,麻醉科医师,麻醉学,45岁以下,博士,,三甲医院从事本专业工作6年以上；承担过省部级以上科研课题；具有国家人才称号（长江学者、突贡专家、政府特贴等），年龄可放宽。,1,面议,面议,面议,刚性,不限,,022-87729596
,营养科医师或营养师,临床营养、营养与食品卫生,45岁以下,博士,,三甲医院从事本专业工作6年以上；承担过省部级以上科研课题；具有国家人才称号（长江学者、突贡专家、政府特贴等），年龄可放宽。,1,面议,面议,面议,刚性,不限,,022-87729596
,口腔科医师,口腔内科、正畸、修复、颌面外科、儿牙,45岁以下,博士,,三甲医院从事本专业工作6年以上；承担过省部级以上科研课题；具有国家人才称号（长江学者、突贡专家、政府特贴等），年龄可放宽。,1,面议,面议,面议,刚性,不限,,022-87729596
,眼科医师,眼科,45岁以下,博士,,三甲医院从事本专业工作6年以上；承担过省部级以上科研课题；具有国家人才称号（长江学者、突贡专家、政府特贴等），年龄可放宽。,2,面议,面议,面议,刚性,不限,,022-87729596
,影像学部诊断医师,影像诊断、超声诊断,45岁以下,博士,,三甲医院从事本专业工作6年以上；承担过省部级以上科研课题；具有国家人才称号（长江学者、突贡专家、政府特贴等），年龄可放宽。,4,面议,面议,面议,刚性,不限,,022-87729596
天津市眼科医院,临床眼科医生,玻璃体视网膜,45岁以下,不限,高级,有海外工作经历或正高职称，年龄不受限制。,2,面议,面议,面议,刚性,不限,河西区,人事科     022-27313336
,临床眼科医生,眼整形,48岁以下,不限,,有海外工作经历或正高职称，年龄不受限制。,2,面议,面议,面议,刚性,不限,,022-27313336
,临床眼科医生,眼外伤,48岁以下,不限,,有海外工作经历或正高职称，年龄不受限制。,2,面议,面议,面议,刚性,不限,,022-27313336
,临床眼科医生,青光眼,48岁以下,不限,,有海外工作经历或正高职称，年龄不受限制。,2,面议,面议,面议,刚性,不限,,022-27313336
天津市第一中心医院,普通外科技术骨干,普通外科学,45岁以下,博士,正高,具有国内外著名大学和国内三甲医院工作经历；熟练掌握外科疾病临床诊断治疗并有深入研究；具有较强的创新精神和科研工作能力，具有独立负责高层次科研项目经历和创新性成果；对学科建设具有创新性构想，具有学科建设、团队构建及高层次人才培养的能力。,1,面议,面议,面议,刚性,不限,南开区,人事科     022-23626131
,产科技术骨干,妇产科学,45岁以下,博士,,具有国内外著名大学和国内三甲医院工作经历；熟练掌握外科疾病临床诊断治疗并有深入研究；具有较强的创新精神和科研工作能力，具有独立负责高层次科研项目经历和创新性成果；对学科建设具有创新性构想，具有学科建设、团队构建及高层次人才培养的能力。,1,面议,面议,面议,刚性,不限,,022-23626131
,神经外科技术骨干,神经外科学,45岁以下,博士,,具有国内外著名大学和国内三甲医院工作经历；熟练掌握外科疾病临床诊断治疗并有深入研究；具有较强的创新精神和科研工作能力，具有独立负责高层次科研项目经历和创新性成果；对学科建设具有创新性构想，具有学科建设、团队构建及高层次人才培养的能力。,1,面议,面议,面议,刚性,不限,,022-23626131
,核医学科技术骨干,核医学科,45岁以下,硕士及以上,,具有国内外著名大学和国内三甲医院工作经历；熟练掌握外科疾病临床诊断治疗并有深入研究；具有较强的创新精神和科研工作能力，具有独立负责高层次科研项目经历和创新性成果；对学科建设具有创新性构想，具有学科建设、团队构建及高层次人才培养的能力。,1,面议,面议,面议,刚性,不限,,022-23626131
,皮肤科技术骨干,皮肤病与性病学,45岁以下,硕士及以上,,具有国内外著名大学和国内三甲医院工作经历；熟练掌握外科疾病临床诊断治疗并有深入研究；具有较强的创新精神和科研工作能力，具有独立负责高层次科研项目经历和创新性成果；对学科建设具有创新性构想，具有学科建设、团队构建及高层次人才培养的能力。,1,面议,面议,面议,刚性,不限,,022-23626131
,康复医学科技术骨干,康复医学,45岁以下,硕士及以上,副高及以上,具有国内外著名大学和国内三甲医院工作经历；熟练掌握外科疾病临床诊断治疗并有深入研究；具有较强的创新精神和科研工作能力，具有独立负责高层次科研项目经历和创新性成果；对学科建设具有创新性构想，具有学科建设、团队构建及高层次人才培养的能力。,1,面议,面议,面议,刚性,不限,,022-23626131
,儿科技术骨干,儿科学,45岁以下,硕士及以上,,具有国内外著名大学和国内三甲医院工作经历；熟练掌握外科疾病临床诊断治疗并有深入研究；具有较强的创新精神和科研工作能力，具有独立负责高层次科研项目经历和创新性成果；对学科建设具有创新性构想，具有学科建设、团队构建及高层次人才培养的能力。,1,面议,面议,面议,刚性,不限,,022-23626131
,心脏科技术骨干,心脏电生理方向,45岁以下,硕士及以上,,具有国内外著名大学和国内三甲医院工作经历；熟练掌握外科疾病临床诊断治疗并有深入研究；具有较强的创新精神和科研工作能力，具有独立负责高层次科研项目经历和创新性成果；对学科建设具有创新性构想，具有学科建设、团队构建及高层次人才培养的能力。,1,面议,面议,面议,刚性,不限,,022-23626131
,骨科技术骨干,脊柱外科、足踝外科、运动医学方向,45岁以下,博士,,具有国内外著名大学和国内三甲医院工作经历；熟练掌握外科疾病临床诊断治疗并有深入研究；具有较强的创新精神和科研工作能力，具有独立负责高层次科研项目经历和创新性成果；对学科建设具有创新性构想，具有学科建设、团队构建及高层次人才培养的能力。,1,面议,面议,面议,刚性,不限,,022-23626131
,泌尿外科技术骨干,泌尿外科,45岁以下,博士,,具有国内外著名大学和国内三甲医院工作经历；熟练掌握外科疾病临床诊断治疗并有深入研究；具有较强的创新精神和科研工作能力，具有独立负责高层次科研项目经历和创新性成果；对学科建设具有创新性构想，具有学科建设、团队构建及高层次人才培养的能力。,1,面议,面议,面议,刚性,不限,,022-23626131
,内眼专业技术骨干,内眼科,45岁以下,博士,,具有较强的创新精神和科研工作能力，具有独立负责高层次科研项目经历和创新性成果；对学科建设具有创新性构想，具有学科建设、团队构建及高层次人才培养的能力。,1,面议,面议,面议,刚性,不限,,022-23626131
,口腔科技术骨干,口腔医学,45岁以下,博士,,具有国内外著名大学和国内三甲医院工作经历；熟练掌握外科疾病临床诊断治疗并有深入研究；具有较强的创新精神和科研工作能力，具有独立负责高层次科研项目经历和创新性成果；对学科建设具有创新性构想，具有学科建设、团队构建及高层次人才培养的能力。,1,面议,面议,面议,刚性,不限,,022-23626131
,PET-CT中心技术骨干,影像医学（PET-CT方向）,45岁以下,硕士及以上,,具有国内外著名大学和国内三甲医院工作经历；熟练掌握外科疾病临床诊断治疗并有深入研究；具有较强的创新精神和科研工作能力，具有独立负责高层次科研项目经历和创新性成果；对学科建设具有创新性构想，具有学科建设、团队构建及高层次人才培养的能力。,1,面议,面议,面议,刚性,不限,,022-23626131
,肾科技术骨干,肾脏病学,45岁以下,硕士及以上,,具有国内外著名大学和国内三甲医院工作经历；熟练掌握外科疾病临床诊断治疗并有深入研究；具有较强的创新精神和科研工作能力，具有独立负责高层次科研项目经历和创新性成果；对学科建设具有创新性构想，具有学科建设、团队构建及高层次人才培养的能力。,1,面议,面议,面议,刚性,不限,,022-23626131
,内分泌科技术骨干,内分泌科学,45岁以下,硕士及以上,,具有国内外著名大学和国内三甲医院工作经历；熟练掌握外科疾病临床诊断治疗并有深入研究；具有较强的创新精神和科研工作能力，具有独立负责高层次科研项目经历和创新性成果；对学科建设具有创新性构想，具有学科建设、团队构建及高层次人才培养的能力。,1,面议,面议,面议,刚性,不限,,022-23626131
,神经内科技术骨干,神经病学,45岁以下,硕士及以上,,具有国内外著名大学和国内三甲医院工作经历；熟练掌握外科疾病临床诊断治疗并有深入研究；具有较强的创新精神和科研工作能力，具有独立负责高层次科研项目经历和创新性成果；对学科建设具有创新性构想，具有学科建设、团队构建及高层次人才培养的能力。,1,面议,面议,面议,刚性,不限,,022-23626131
,胸外科技术骨干,心胸外科学,45岁以下,硕士及以上,,具有较强的创新精神和科研工作能力，具有独立负责高层次科研项目经历和创新性成果；对学科建设具有创新性构想，具有学科建设、团队构建及高层次人才培养的能力。,1,面议,面议,面议,刚性,不限,,022-23626131
,呼吸科/感染科技术骨干,呼吸病学,45岁以下,硕士及以上,,具有国内外著名大学和国内三甲医院工作经历；熟练掌握外科疾病临床诊断治疗并有深入研究；具有较强的创新精神和科研工作能力，具有独立负责高层次科研项目经历和创新性成果；对学科建设具有创新性构想，具有学科建设、团队构建及高层次人才培养的能力。,1,面议,面议,面议,刚性,不限,,022-23626131
,消化科技术骨干,消化病学,45岁以下,硕士以上,,具有国内外著名大学和国内三甲医院工作经历；熟练掌握外科疾病临床诊断治疗并有深入研究；具有较强的创新精神和科研工作能力，具有独立负责高层次科研项目经历和创新性成果；对学科建设具有创新性构想，具有学科建设、团队构建及高层次人才培养的能力。,1,面议,面议,面议,刚性,不限,,022-23626131
,血管外科技术骨干,血管外科,45岁以下,硕士以上,,具有较强的创新精神和科研工作能力，具有独立负责高层次科研项目经历和创新性成果；对学科建设具有创新性构想，具有学科建设、团队构建及高层次人才培养的能力。,1,面议,面议,面议,刚性,不限,,022-23626131
,超声科技术骨干,超声医学,45岁以下,硕士以上,,具有国内外著名大学和国内三甲医院工作经历；熟练掌握外科疾病临床诊断治疗并有深入研究；具有较强的创新精神和科研工作能力，具有独立负责高层次科研项目经历和创新性成果；对学科建设具有创新性构想，具有学科建设、团队构建及高层次人才培养的能力。,1,面议,面议,面议,刚性,不限,,022-23626131
,放射科技术骨干,影像医学,45岁以下,硕士以上,,具有国内外著名大学和国内三甲医院工作经历；熟练掌握外科疾病临床诊断治疗并有深入研究；具有较强的创新精神和科研工作能力，具有独立负责高层次科研项目经历和创新性成果；对学科建设具有创新性构想，具有学科建设、团队构建及高层次人才培养的能力。,1,面议,面议,面议,刚性,不限,,022-23626131
,营养科技术骨干,临床营养,45岁以下,硕士以上,,具有国内外著名大学和国内三甲医院工作经历；熟练掌握外科疾病临床诊断治疗并有深入研究；具有较强的创新精神和科研工作能力，具有独立负责高层次科研项目经历和创新性成果；对学科建设具有创新性构想，具有学科建设、团队构建及高层次人才培养的能力。,1,面议,面议,面议,刚性,不限,,022-23626131
,急诊科技术骨干,临床医学,45岁以下,硕士以上,,具有国内外著名大学和国内三甲医院工作经历；熟练掌握外科疾病临床诊断治疗并有深入研究；具有较强的创新精神和科研工作能力，具有独立负责高层次科研项目经历和创新性成果；对学科建设具有创新性构想，具有学科建设、团队构建及高层次人才培养的能力。,1,面议,面议,面议,刚性,不限,,022-23626131
天津市环湖医院,神经内科    学科带头人,神经病学,45岁以下,博士,高级,在三级甲等医院从事本专业工作10年及以上。临床经验丰富，学术造诣深，有较强的业务和学科建设及管理能力，在本专业领域有一定知名度和学术地位。博士生导师。有科主任任职经历者优先。特别优秀者条件可适当放宽。待遇面议。,1,面议,面议,面议,刚性,不限,河西区,人事科     022-60367616
,神经外科    学科带头人,神经病学,45岁以下,博士,高级,在三级甲等医院从事本专业工作10年及以上。临床经验丰富，学术造诣深，有较强的业务和学科建设及管理能力，在本专业领域有一定知名度和学术地位。博士生导师。有科主任任职经历者优先。特别优秀者条件可适当放宽。待遇面议。,1,面议,面议,面议,刚性,不限,,022-60367616
天津市南开医院,急诊科,急诊医学,50岁以下,博士,正高级,硕士或博士生导师，有三甲医院工作经历，出国留学经历1年以上。,1,面议,面议,面议,刚性,不限,南开区,人事科     022-27435003
,呼吸内科,呼吸系病,50岁以下,博士,,硕士或博士生导师，有三甲医院工作经历，出国留学经历1年以上。,1,面议,面议,面议,刚性,不限,,022-27435003
,消化内科,消化系病,50岁以下,博士,,硕士或博士生导师，有三甲医院工作经历，出国留学经历1年以上。,1,面议,面议,面议,刚性,不限,,022-27435003
,心血管内科,心血管病,50岁以下,博士,,硕士或博士生导师，有三甲医院工作经历，出国留学经历1年以上。,1,面议,面议,面议,刚性,不限,,022-27435003
,脑病科,神经病学,50岁以下,博士,,硕士或博士生导师，有三甲医院工作经历，出国留学经历1年以上。,1,面议,面议,面议,刚性,不限,,022-27435003
,肾内科,肾病,50岁以下,博士,,硕士或博士生导师，有三甲医院工作经历，出国留学经历1年以上。,1,面议,面议,面议,刚性,不限,,022-27435003
,泌尿外科,泌尿外科,50岁以下,博士,,硕士或博士生导师，有三甲医院工作经历，出国留学经历1年以上。,1,面议,面议,面议,刚性,不限,,022-27435003
,重症医学科,重症医学,50岁以下,博士,,硕士或博士生导师，有三甲医院工作经历，出国留学经历1年以上。,1,面议,面议,面议,刚性,不限,,022-27435003
,儿科,儿科学,50岁以下,博士,,硕士或博士生导师，有三甲医院工作经历，出国留学经历1年以上。,1,面议,面议,面议,刚性,不限,,022-27435003
,放射科,影像医学与核医学,50岁以下,博士,,硕士或博士生导师，有三甲医院工作经历，出国留学经历1年以上。,1,面议,面议,面议,刚性,不限,,022-27435003
,病理科,病理学与病理生理学,50岁以下,博士,,硕士或博士生导师，有三甲医院工作经历，出国留学经历1年以上。,1,面议,面议,面议,刚性,不限,,022-27435003
天津市中医药研究院,妇科,妇科,45岁以下,硕士,副高及以上,三甲医院工作经历。熟练操作妇科手术。,1,面议,面议,面议,刚性,不限,和平区,人事科     022-27285108
,儿科,儿科,45岁以下,硕士,,三甲医院工作经历。,1,面议,面议,面议,刚性,不限,,022-27285108
,肺病科,内科,45岁以下,硕士,,三甲医院工作经历。,1,面议,面议,面议,刚性,不限,,022-27285108
,麻醉科,麻醉,45岁以下,不限,,三甲医院工作经历。,1,面议,面议,面议,刚性,不限,,022-27285108
,外科,外科,45岁以下,不限,,三甲医院工作经历。,1,面议,面议,面议,刚性,不限,,022-27285108
,耳鼻喉科,耳鼻喉,45岁以下,不限,,三甲医院工作经历。,1,面议,面议,面议,刚性,不限,,022-27285108
,口腔科,口腔,40岁以下,硕士,中级及以上,三甲医院工作经历。,2,面议,面议,面议,刚性,不限,,022-27285108
,肿瘤科,肿瘤,45岁以下,博士,,三甲医院工作经历。,1,面议,面议,面议,刚性,不限,,022-27285108
,病理科,病理,45岁以下,硕士及以上,副高及以上,三甲医院工作经历。,1,面议,面议,面议,刚性,不限,,022-27285108
,心内科,心内科,45岁以下,硕士及以上,,三甲医院工作经历，有介入工作经验。,1,面议,面议,面议,刚性,不限,,022-27285108
,肾病科,肾病科,45岁以下,博士,正高,三甲医院工作经历。长江学者、名中医、131第一层次人才、国家千人计划人才。,1,面议,面议,面议,刚性,不限,,022-27285108
,皮肤科,皮肤科,45岁以下,博士,,三甲医院工作经历。长江学者、名中医、131第一层次人才、国家千人计划人才。,1,面议,面议,面议,刚性,不限,,022-27285108
,脾胃病科,消化内科,45岁以下,硕士,副高及以上,三甲医院工作经历。内镜方向。,1,面议,面议,面议,刚性,不限,,022-27285108
天津市第三中心医院,消化内科,消化内科,45岁以下,硕士以上,高级,擅长炎症性肠病以及胃肠肿瘤内镜治疗学科带头人。,1,面议,面议,面议,刚性,不限,河东区,人事科     022-84112196
,妇产科,妇产科,45岁以下,硕士以上,,妇科基础研究、生殖助孕、肿瘤等领域的学科带头人。,1,面议,面议,面议,刚性,不限,,022-84112196
,放射科,影像医学与核医学,45岁以下,硕士以上,,神经学组、心胸学组、腹部学组和肌骨学组专业带头人。,1,面议,面议,面议,刚性,不限,,022-84112196
,核医学,影像医学与核医学,45岁以下,硕士以上,,德才兼备，医、教、研全方面的学科带头人。,1,面议,面议,面议,刚性,不限,,022-84112196
,肝胆外科,肝胆外科,45岁以下,博士,中级及以上,有统计学基础的科研人才，撰写基金项目标书、临床科研设计。,1,面议,面议,面议,刚性,不限,,022-84112196
,普外科,普通外科,45岁以下,硕士以上,,有较强的科研能力，能够结合临床工作发表SCI文章。,1,面议,面议,面议,刚性,不限,,022-84112196
,超声科,超声,45岁以下,硕士以上,,有较强的科研能力，能够结合临床工作发表SCI文章，申请国家课题。,1,面议,面议,面议,刚性,不限,,022-84112196
,药剂科,药理学,45岁以下,博士,,开展围绕医院药学最新发展开展研究，如：药物基因组学的研究。,1,面议,面议,面议,刚性,不限,,022-84112196
天津市第一医院,肝病科,消化,50岁以下,硕士,主任医师,三级医院10年以上工作经历。业务能力较强，具有较强科研能力。,1,面议,无,无,刚性,不限,河北区,王芳   26296332
,麻醉科,麻醉,50岁以下,硕士,,三级医院10年以上工作经历。临床经验丰富，具有较强行政管理能力。,1,面议,无,无,刚性,不限,,
,妇产科,妇产,50岁以下,硕士,,三级医院10年以上工作经历。临床经验丰富，具有较强行政管理能力。,1,面议,无,无,刚性,不限,,
,B超室,影像诊断,50岁以下,硕士,,三级医院10年以上工作经历。临床经验丰富，具有较强行政管理能力。,1,面议,无,无,刚性,不限,,
,放射科,影像诊断,50岁以下,硕士,,三级医院10年以上工作经历。临床经验丰富，具有较强行政管理能力。,1,面议,无,无,刚性,不限,,
,骨科,骨科,50岁以下,硕士,,三级医院10年以上工作经历。临床经验丰富，具有较强行政管理能力。,1,面议,无,无,刚性,不限,,
,病理科,病理,50岁以下,硕士,,三级医院10年以上工作经历。临床经验丰富，具有较强行政管理能力。,1,面议,无,无,刚性,不限,,
天津市第二医院,骨科,骨科,40-45岁,硕士,正主任医师,具有15年以上临床工作经验，能作为学科带头人。,1,面议,面议,面议,刚性,国内,河北区,王芳   26296332
,外科,外科,40-45岁,硕士,,具有15年以上临床工作经验，能作为学科带头人。,1,面议,面议,面议,刚性,国内,,
,心内科,心内科,40-45岁,硕士,,具有15年以上临床工作经验，能作为学科带头人。,1,面议,面议,面议,刚性,国内,,
,护理,护理,40-45岁,硕士,副主任护师以上,具有15年以上临床工作经验，能作为学科带头人。,1,面议,面议,面议,刚性,国内,,
,项目研发部,医学三维软件,30岁以上,硕士,,熟悉医疗影像三维建模、CAD/CAM软件编程，掌握医疗影像学和软件编程技术。,2,,5万元,无,均可,不限,,
天津市红桥医院,心血管介入,医疗,45岁以下,硕士,高级,二级及以上医院本专业工作经历，独立承担相应工作。,1,按规定,面议,面议,刚性,不限,红桥区,范迎春 86516130
,五官科,医疗,45岁以下,不限,高级,二级及以上医院本专业工作经历，独立承担相应工作。,1,按规定,面议,面议,刚性,不限,,
,泌尿外科,医疗,45岁以下,不限,高级,二级及以上医院本专业工作经历，独立承担相应工作。,1,按规定,面议,面议,刚性,不限,,
天津市红桥区中医医院,针灸科,针灸学,40岁以下,硕士及以上,副高级,具有10年以上相关工作经验，三甲医院工作经历。,1月2日,按规定,面议,无,刚性,不限,红桥区,范迎春 86516130
,骨伤科,中医骨伤学,40岁以上,硕士及以上,,具有10年以上相关工作经验，三甲医院工作经历。,1月2日,按规定,面议,无,刚性,不限,,
天津市西青医院,心胸外科,临床医学或外科学,45岁以下,不限,副主任医师及以上,在三甲医院工作10年及以上。能独立带科。,1,按区人才引进政策,,,均可,不限,西青区,杜玉青      022-27960418
,神经病学内科,临床医学、神经病学或内科学,45岁以下,不限,,在三甲医院工作10年及以上。能独立带科。,1,,,,均可,不限,,
,神经外科,临床医学或外科学,45岁以下,不限,,在三甲医院工作10年及以上。能独立带科。,1,,,,均可,不限,,
,普外科学,临床医学或外科学,45岁以下,不限,,在三甲医院工作10年及以上。能独立带科。,1,,,,均可,不限,,
,消化病学内科,临床医学或内科学,45岁以下,不限,,在三甲医院工作10年及以上。能独立带科。,1,,,,均可,不限,,
,肿瘤科,临床医学、内科学或外科学,45岁以下,不限,,在三甲医院工作10年及以上。能独立带科。,1,,,,均可,不限,,
,儿科学科与新生儿学科,临床医学或儿科学,45岁以下,不限,,在三甲医院工作10年及以上。能独立带科。,1,,,,均可,不限,,
,病理科,临床医学、病理学与病理生理学,45岁以下,不限,,在三甲医院工作10年及以上。能独立带科。,1,,,,均可,不限,,
,医学检验科,临床检验诊断学,45岁以下,不限,,在三甲医院工作10年及以上。能独立带科。,1,,,,均可,不限,,
,放射诊断学科,临床医学、医学影像学或影像医学与核医学,45岁以下,不限,,在三甲医院工作10年及以上。能独立带科。,1,,,,均可,不限,,
,急诊医学科,临床医学、内科学或外科学,45岁以下,不限,,在三甲医院工作10年及以上。能独立带科。,1,,,,均可,不限,,
,泌尿外科学,临床医学或外科学,45岁以下,不限,,在三甲医院工作10年及以上。能独立带科。,1,,,,均可,不限,,
,肾病学内科,临床医学或内科学,45岁以下,不限,,在三甲医院工作10年及以上。能独立带科。,1,,,,均可,不限,,
,结缔组织疾病科,临床医学或内科学,45岁以下,不限,,在三甲医院工作10年及以上。能独立带科。,1,,,,均可,不限,,
,康复医学科,临床医学、康复医学与理疗学、康复治疗学、针灸推拿学或中医学,45岁以下,不限,,在三甲医院工作10年及以上。能独立带科。,1,,,,均可,不限,,
,医学工程部,生物医学工程,45岁以下,不限,,在三甲医院工作10年及以上。能独立带科。,1,,,,均可,不限,,
天津市宁河原种猪场,专业技术岗位,动物遗传,30岁,硕士,不限,具有1年相关工作经验，具有较高遗传育种知识。,1,6,无,无,柔性,国内,宁河区,李文淑 69431311
,技术服务部,畜牧兽医,30岁,硕士,不限,具有1年相关工作经验，具有较强畜牧兽医专业知识。,1,6,无,无,柔性,国内,,
天津生机集团股份有限公司,博士后,畜牧、兽医化工、药学、动物科学、生物制品、制剂学,不限,博士,高工,具有3年以上相关工作经验，发表过相关的学术论文。,2,面议,无,无,均可,不限,高新区,李宏伟 83726855
,博士,,不限,博士,不限,,1,面议,无,无,均可,不限,,
天津市宽达水产食品有限公司,食品研发工程师,食品科学/水产品加工等相关,40岁以下,不限,不限,具有5以上年相关食品行业工作经验。相关专业理论知识扎实；了解鱼糜制品的相关工艺、改进及优化；可自主开发新产品。,2,面议,无,宿舍,刚性,国内,东丽区,张玲   58666675
,技术工程师,水产品加工相关,不限,硕士及以上,不限,具有10年以上水产品加工相关工作经验。对水产加工具有深入的研究；了解市场发展动态；熟悉水产品的特性及水产品加工的工艺流程；能够指导生产、改进工艺，具有创新的思维。,2,面议,无,无,柔性,不限,,
天津滨海乐氏商贸有限公司,董事长助理,管理类,35岁以下,硕士,中级,具有10年相关工作经验。,1,9.6,无,无,柔性,国内,河北区,王芳   26296332
渤海商品交易所,融资业务人员,不限,不限,博士,不限,具有3年以上工业品融资工作经验。熟悉银行大宗工业商品融资业务，涉及过煤焦类产品融资业务者优先。,2,面议,无,无,均可,不限,河北区,王芳   26296332
,仓储物流管理人员,不限,不限,博士,不限,具有3年以上大型仓储企业仓储业务相关经验。熟悉仓库业务流程，监管体系，有极强的风控意识，涉及过煤焦类产品仓储业务者优先。,3,面议,无,无,均可,不限,,
,数据库工程师,不限,不限,硕士,中级及以上,具有3年以上DBA相关工作经验者优先；精通oracle数据库配置、备份、优化、监控，熟悉linux，熟悉shell或perl编程；精通大规模linux环境下数据库运营和维护。,不限,面议,无,无,均可,不限,,
,安全工程师,不限,不限,博士,中级及以上,精通渗透测试，熟悉安全测试方法，熟练掌握各种渗透测试工具，精通安全攻防技术；对常见的Web编程语言要有一定的解读能力，具有一定的编程能力，熟悉至少一种编程语言；精通常见的Web漏洞类型及原理（有实际经验者优先考虑）。精通Android、iOS或Windows Phone中一种或多种无线平台，熟悉移动APP编程，有移动APP安全相关工作经验者优先。,不限,面议,无,无,均可,不限,,
,网络工程师,不限,不限,硕士,中级及以上,有大型网络的规划、设计、运维及优化经验，对于前瞻性技术和发展方向有一定研究。深入了解TCP/IP协议，精通OSPF、ISIS、BGP等常用路由协议，精通常用网络技术如Qos、VRRP、VLAN、ACL、RSVP等；熟悉省级运营商IP数据网络架构，有电信级大型项目施工经验者优先。,不限,面议,无,无,均可,不限,,
,系统运维和技术支持,金融类、计算机类及相关,不限,硕士,高级,计算机操作熟练，熟练使用办公软件（尤其是Excel和Word）；了解一定的金融证券行业背景知识，有相关工作经验者优先。,不限,面议,无,无,均可,不限,,
,高级系统管理员,计算机,不限,硕士,高级,具有3年以上支持软件开发团队进行系统运维经验，有数据库系统运维经验的优先；精通Linux操作系统，熟练掌握Linux常用命令，能独立安装维护常用的Linux应用软件及软件开发相关软件：数据库、应用服务器等；丰富的基于Linux的网络基础设施的相关知识及实践，如DNS，路由协议，TCP、UDP、HTTP，SMTP及FTP；熟悉系统管理相关的编程脚本，如shell、PERL等。,不限,面议,无,无,均可,不限,,
,高级网络工程师,计算机,不限,硕士,高级,精通IP路由及交换技术，熟悉各类网络产品的配置和管理；对网络安全体系有深入理解，有网络安全事件的紧急处置经验和能力；熟悉网管技术体系及产品，有大型网管系统的建设及维护经验；熟练掌握网络协议分析方法；熟悉主流服务器产品；具有CCNP以上资质认证。,不限,面议,无,无,均可,不限,,
,高级数据库管理员,计算机,不限,硕士,高级,具有3年以上相关数据库工作经验。精通oracle数据库的运行机制和体系架构；精通/熟悉oracle数据库的管理，经验丰富者优先；有大规模数据存储、分表/分库、集群、复制和数据库中间件经验；能编写各种数据库的监控和运维脚本。,不限,面议,无,无,均可,不限,,
,Java软件开发工程师,计算机,不限,硕士,中级及以上,具有3年以上实际JAVA项目开发实施工作经验；良好的英文读写能力。精通J2EE及主流框架如Struts、Spring、Hibernate等的开发技；熟练使用Javascript、Extjs、jquery等web前台开发技术；熟练使用Oracle、Mysql等主流数据库，并掌握存储过程的开发技术。熟悉各种Java应用服务器的使用；熟悉LINUX，UNIX操作系统。,不限,面议,无,无,均可,不限,,
,高级Java开发工程师,计算机,不限,硕士,高级,具有5年以上使用JAVA开发的经验，对于你用过的开源框架，能了解到它的原理和机制；良好的英文读写能力；Java基础扎实，对JVM原理有一定的了解；熟悉面向对象设计开发；熟悉分布式系统的设计和应用，熟悉分布式、缓存、消息、搜索、推荐等机制；能对分布式常用技术进行合理应用，解决问题；掌握Linux 操作系统和大型数据库；有较强的分析设计能力和方案整合能力。,不限,面议,无,无,均可,不限,,
,高级算法工程师,计算机机器学习、数据挖掘处理方向、数学统计学、应用数学方向优先,不限,硕士,高级,对数据挖掘算法有一定了解和心得，有过相关工作经验优先；有互联网相关行业或研究院背景，有网站用户行为研究和数据挖掘经验尤佳。熟悉分布式计算的原理及系统开发；对数据敏感，有良好的分析问题与发现问题的能力，善于归纳技术方案的特性，并找出其不足与改进方法；至少熟练掌握一门开发语言(java C等)。,不限,面议,无,无,均可,不限,,
,测试工程师,计算机,不限,硕士,中级及以上,具有2-5年以上J2EE项目软件测试或研发等工作经验；有电子支付行业，金融或银行测试经验者优先。能多角度设计测试用例，有简单的编程或脚本编写能力，有DB2、ORACLE、SQLServer等数据库经验；熟悉LINUX 命令、UNIX命令、SQL 语句；熟悉软件测试理论及方法，精通各类软件测试工具的使用；能够进行从黑盒测试到系统集成测试的全流程测试和性能测试、压力测试等专门测试；对性能测试及自动化测试工具LoadRunner、QTP、Jmeter等有实际经验者优先。,不限,面议,无,无,均可,不限,,
,战略研究员,经济、金融、统计学科相关,不限,博士,不限,熟悉国家经济、金融方针政策，经济金融理论基础好，具有优秀的理论研究和实证分析能力，在大宗商品交易、国际贸易、电子商务等领域有一定研究经验者优先考虑；具有较强的文字表达能力，能够撰写各类研究报告；具备一定的数据处理能力，统计分析能力；熟练的英文听、说、读、写能力。,不限,面议,无,无,均可,不限,,
,业务核算会计,会计学、注册会计师、注册税务师,不限,硕士,中级,具有5年以上相应职位工作经验。熟悉会计业务、公司法、合同法、财务会计法、审计法、税法及经济法规。具有较强的文字表达能力。熟练使用财务软件，EXCEL、WORD软件。,不限,面议,无,无,均可,不限,,
天津欧派集成家居有限公司,橱柜厂副厂长,工科,30-38岁,不限,工程师,制造型外企或知名国内企业中层生产管理5年经验。良好的沟通协调能力，良好的工作压力承受能力，熟悉质量管理体系的运作，熟悉TPM推行，熟悉5S的推行，熟悉生产现场的持续改善，对MRP生产管理体系有一定的理解，了解精益生产。,2,20-26,无,无,均可,不限,静海县,刘芳芳 59595630
天津聚龙嘉华投资集团有限公司 ,营销总监/经理,不限,28-45岁,不限,总监/经理,打造营销团队，具有益海嘉里工作经历优先。,5,市场水平,无,面议,均可,国内,保税区,集团人力资源部 022-58182767
,品牌总监/经理,不限,28-45岁,不限,总监/经理,实现国际化品牌运作团队建立，具有益海嘉里工作经历优先。,4,市场水平,无,面议,均可,国内,,
,财务总监/经理,财务类,28-45岁,不限,总监/经理,完善财务核算团队，具有益海嘉里工作经历优先。,6,市场水平,无,面议,均可,不限,,
,金融总监/经理,金融类,28-45岁,不限,总监/经理,完成金融团队多元化转变，同行业者优先考虑。,8,市场水平,无,面议,均可,不限,,
,研发总监/经理,油脂类,26-38岁,硕士,总监/经理,完成公司产品转型升级，具有益海嘉里工作经历优先。,3,市场水平,无,面议,均可,国内,,
,人力资源总监/经理,管理类,30-45岁,不限,总监/经理,完成HRBP团队搭建，有华为工作经历者优先。,8,市场水平,无,面议,均可,不限,,
天津市宏路园林绿化工程有限公司,副总经理,工程建筑,35-45岁,硕士,高级,具有10年大中型项目开发管理经验，5年项目总经理经验。独立主持过大型项目的开发建设，全面了解项目全程运作流程。可接受外派工作。,1,15-20,无,无,均可,不限,河北区,王芬   26296332
天津市福莱特装饰设计工程有限公司,建筑设计师,建筑学和相关,不限,博士,高级,具有有5年以上建筑工程行业设计或规划工作经验。具有较强的大型工程项目方案设计能力；熟悉项目设计流程，具有项目场地设计规划设计、建筑设计能力。,不限,面议,无,无,均可,不限,河北区,
天津壹生环保科技有限公司,研发主管,环保、化工等相关,35岁以下,博士,不限,有工程经验者优先；有实验室认证经验者优先。参加过省部级以上课题的申请与实施。,2,面议,面议,无,刚性,不限,高新区,吴天骄 83946359
天津外国语大学,教师,日语语言文学,45岁以下,硕士及以上,教授,具有3年以上高校、科研院所或相关岗位工作经历。近三年主持过省部级及以上科研项目，出版本专业方向的专著一部或主编高水平教材一部且重要刊物独立发表过四篇以上高水平论文。,2,面议,,,刚性,不限,河西区,孙毅   23284236
,教师,意大利语,40岁以下,硕士及以上,副教授,意大利留学毕业的优秀博士，有高校教授意大利语经验者优先。近五年来完成过所从事学科的研究性专著，主持过一个省部级以上的社科研究项目，在国内外核心期刊上独立（或以第一作者）发表过三篇论文。,1,,,,刚性,不限,,
,教师,葡萄牙语,40岁以下,硕士及以上,不限,海外优秀博士，具有国际学术背景。近五年来独立完成过所从事学科的研究性专著，主持过一个省部级以上的社科研究项目，在国内外核心刊物上独立（或以第一作者）发表过3－5篇研究性论文。,1,,,,刚性,不限,,
,教师,韩语（朝鲜语）,45岁以下,硕士及以上,副教授,国内外高校工作3年以上。近年来公开发表较高水平学术论文两篇以上、公开出版学术专著（10万字）一部以上、主持校级以上教改或科研项目一项以上。,1,,,,刚性,不限,,
,教师,新闻学,45岁以下,硕士及以上,教授,国内外高校工作5年以上。至少主持过三项省部级及以上科研项目；近三年发表核心期刊论文五篇以上或出版20万字以上专著一部。,1,,,,刚性,不限,,
,教师,新闻学,40岁以下,硕士及以上,副教授,国内外高校工作5年以上。至少主持过两项省部级及以上科研项目；近五年发表核心期刊论文五篇以上或出版20万字以上专著一部。,1,,,,刚性,不限,,
,教师,设计艺术学（动画、数字媒体艺术）、电影学,40岁以下,硕士及以上,副教授,国内外高校工作5年以上。近五年发表核心期刊论文五篇以上；主持过省部级及以上科研项目。,1,,,,刚性,不限,,
,教师,教育技术学,40岁以下,硕士及以上,副教授,国内高校工作5年。近五年发表核心期刊论文五篇以上；至少主持过两项省部级及以上科研项目。,1,,,,刚性,不限,,
,教师,计算机科学与技术类,40岁以下,硕士及以上,副教授,国内高校工作5年。近五年发表核心期刊论文五篇以上；至少主持过两项省部级及以上科研项目。,1,,,,刚性,不限,,
,教师,法学（国际法）,45岁以下,硕士及以上,副教授,国内高校或科研机构工作三年以上。近五年在核心期刊发表学术论文六篇以上，承担省部级及以上课题一项。,1,,,,刚性,不限,,
,教师,行政管理,45岁以下,硕士及以上,副教授,国内高校或科研机构工作三年以上，有海外工作经历优先。近五年在核心期刊发表学术论文五篇以上，承担省部级及以上课题一项。,2,,,,刚性,不限,,
,教师,国际政治,45岁以下,硕士及以上,副教授,国内高校或科研机构工作三年以上，有海外工作经历优先。近五年在核心期刊发表学术论文五篇以上，承担省部级及以上课题一项。,1,,,,刚性,不限,,
,教师,语言学及应用、语言学（对外汉语）,45岁以下,硕士及以上,副教授,具有海外研修或工作经历，国内高校工作五年以上。具有较高的教学与学术科研能力，主持完成一项省部级以上项目，近五年已在CSSCI期刊发表论文三篇及以上。,1,,,,刚性,不限,,
,教师,英语语言文学,45岁以下,硕士及以上,教授,国内高校工作五年以上。近五年主持过省部级及以上科研项目，出版专著一部或主编高水平教材一部且重要刊物独立发表过三篇以上高水平论文。,1,,,,刚性,不限,,
天津音乐学院,作曲系主任,作曲,50岁以下,博士,高级,具有作曲专业相关的管理经历，具备一定的管理经验。专业成绩显著，有作品曾获重要专业奖项；管理能力突出。,1,根据实际情况议定,,,均可,不限,河东区,赵霞   24160045
,音乐学教师,音乐学,50岁以下,博士,高级,具有相关专业教学经历与经验，有突出的专业成果，具有良好的科研能力和教学能力，专业成绩显著。,1,根据实际情况议定,,,均可,不限,,
,管弦系主任,管弦,50岁以下,不限,高级,具有管弦专业相关的管理经历，具备一定的管理经验。专业成绩显著，有作品曾获重要专业奖项；管理能力突出。,1,根据实际情况议定,,,均可,不限,,
,钢琴系主任,钢琴,50岁以下,不限,高级,具有管弦专业相关的管理经历，具备一定的管理经验。专业成绩显著，有作品曾获重要专业奖项；管理能力突出。,1,根据实际情况议定,,,均可,不限,,
天津工业大学,国家“千人计划”创新人才长期项目、短期项目,纺织、机械电子、机械设计、材料、生物、生物医学工程、制药工程、化学化工、环境科学与工程、信息通信工程、电子科学技术、计算机科学与工程、电气工程、控制理论与控制工程、自动化、数学、物理、光学、经济、金融、管理、工商、外语、艺术等相关,55岁以下,博士,教授,在海外知名高校、科研院所、国际知名企业或金融机构担任正教授或相当职务。从事自然科学、工程技术、经济金融、管理等领域的研究工作，具有世界一流的研究水平，近5年在重要核心刊物上发表具有重要影响的学术论文，或获得国际重要科技奖项或掌握重要实验技能、科学工程建设关键技术。,3,面议,长期项目国家资助100万，天津资助100万；短期项目国家资助50万，天津资助50万,面议,均可,海外,河东区,张华       022-83955270
,国家“青年千人计划”项目,,40岁以下,博士,,自然科学或工程技术领域，在海外知名高校取得博士学位，并有3年海外科研工作经历。在国内取得博士学位的，应在海外从事教学或研究工作5年，回国(来华)前在海外知名高校、科研机构或知名企业研发机构有正式教学或科研职位。,6,20,国家资助50元、科研经费100-300元，天津市资助50元,住房补贴120,均可,海外,,
,国家“特支计划”杰出人才、领军人才、青年拔尖人才等,,55岁以下,博士,教授,符合相应人才项目申报条件，师德高尚，学风正派，治学严谨，具有国际视野和竞争力，在本学科领域具有公认的学术声望和学术影响力、是所在专业领域的一流学者和学科建设领军人才或者发展潜力和创新能力突出的优秀青年拔尖人才。,3,面议,,面议,均可,不限,,
,教育部“长江学者奖励计划”特聘教授、讲座教授，国家杰出青年基金获得者,,55岁以下,博士,教授,符合教育部“长江学者奖励计划”特聘教授和讲座教授、国家杰出青年基金申报条件的海内外知名学者，或已入选“长江学者奖励计划”的特聘教授和讲座教授、获得国家杰出青年基金的专家学者。,3,面议,提供优厚的科研启动及配套经费，具体面议,特聘教授住房补贴200万元；特聘讲座教授提供专家公寓；国家杰青住房补贴150万元,均可,国内,,
,天津市“千人计划”创新人才长期项目、短期项目,,55岁以下,博士,副教授,短期项目要求与国家“千人计划”短期项目基本一致。长期项目一般要求在国外著名高校、科研院所担任相当于副教授职务的专家学者，承诺自被批准的半年内到岗工作，在国内连续工作不少于3年，且每年在国内工作时间不少于9个月。,3,24,长期项目科研配套经费100元，短期项目科研配套经费50元,长期住房补贴100元；短期住房补贴50元,均可,海外,,
,天津市“青年千人计划”项目,,40岁以下,博士,,所从事科研领域同龄人中的拔尖人才，有成为该领域学术或技术带头人的发展潜力。自然科学或工程技术领域，在海外知名高校取得博士学位，并有3年海外科研工作经历。回国(来华)前在海外知名高校、科研机构或知名企业研发机构有正式教学或科研职位引进后全职回国工作。,6,12,科研配套经费100元,住房补贴50元,刚性,海外,,
,天津市特聘教授、讲座教授,,45岁以下,博士,助理教授,特聘教授应聘人一般具有博士学位，在教学科研一线工作；海外应聘者一般应担任高水平大学助理教授职位或其他相应职位，国内应聘者应担任教授或其他相应职位。海外应聘讲座教授者一般应担任高水平大学助理教授职位或其他相应职位。人文社科类50岁以下。,5,19.5,特聘教授科研启动经费80元，讲座教授面议,特聘教授住房补贴60；讲座教授提供专家公寓,均可,不限,,
,天津工业大学“高层次引进人才支持计划”,,45岁以下,博士,助理教授,具有博士学位，一般应在国外高水平大学、科研院所担任助理教授职位或其他相应职位。国内应聘者应具有教授专业技术职务或其它相应职务。,6,10,科研经费40元,住房补贴40元,刚性,不限,,
,天津工业大学学科、学术带头人,,45岁以下,博士,不限,具有博士学位，正高级专业技术职务或教育部“新世纪优秀人才”支持计划等同级别人才计划入选者，在教学科研第一线工作。,10,按学校岗位聘任及分配方案执行,科研经费8-40万元,住房补贴20-40万元,刚性,不限,,
,天津工业大学“青年拔尖人才培养计划”,,40岁以下,博士,不限,博士学位、原则上具有副高级专业技术职务。,8,,科研经费10-30万元,住房补贴8-20万元,刚性,不限,,
,天津工业大学教学科研骨干,,35岁以下,博士,不限,具有博士研究生学位、学历，双证齐全（初始学历须为全日制本科），本科至最高学历均毕业于海外著名高校或国内985、211院校者优先，有海外工作经历者优先。正高45岁以下正高；副高40岁以下。,100,,科研经费≤10万,住房补贴3-8万元,刚性,不限,,
天津科技大学,机械工程学院特聘教授岗,材料加工工程,45岁以下,博士,不限,海外博士需要有3年海外科研经历；国内博士需要有5年海外科研经历或具有教授职称。学术水平高、造诣深，在本学科领域中学术上有所创新并取得了高水平的成果。,1,27.5,25-100元,25-50购房补贴,刚性,不限,河西区,王洪军     022-60273330
,机械工程学院特聘教授岗,化工过程机械,45岁以下,博士,不限,海外博士需要有3年海外科研经历；国内博士需要有5年海外科研经历或具有教授职称。学术水平高、造诣深，在本学科领域中学术上有所创新并取得了高水平的成果。,1,27.5,25-100元,25-50购房补贴,刚性,不限,,
,机械工程学院特聘教授岗,机械设计制造其自动化,45岁以下,博士,不限,海外博士需要有3年海外科研经历；国内博士需要有5年海外科研经历或具有教授职称。学术水平高、造诣深，在本学科领域中学术上有所创新并取得了高水平的成果。,3,27.5,25-100元,25-50购房补贴,刚性,不限,,
,材料科学与化学工程学院特聘教授岗,制浆造纸工程,45岁以下,博士,不限,海外博士需要有3年海外科研经历；国内博士需要有5年海外科研经历或具有教授职称。学术水平高、造诣深，在本学科领域中学术上有所创新并取得了高水平的成果。,1,27.5,25-100元,25-50购房补贴,刚性,不限,,
,材料科学与化学工程学院特聘教授岗,化学工程与技术,45岁以下,博士,不限,海外博士需要有3年海外科研经历；国内博士需要有5年海外科研经历或具有教授职称。学术水平高、造诣深，在本学科领域中学术上有所创新并取得了高水平的成果。,1,27.5,25-100元,25-50购房补贴,刚性,不限,,
,计算机学院特聘教授岗,计算机相关,45岁以下,博士,不限,海外博士需要有3年海外科研经历；国内博士需要有5年海外科研经历。学术水平高、造诣深，在本学科领域中学术上有所创新并取得了高水平的成果。,3,27.5,25-50元,25-35购房补贴,刚性,不限,,
,生物工程学院国家千人计划岗,生物工程,55岁以下,博士,不限,海外正教授或相当职务。学术水平高、造诣深，在本学科领域学术上有所创新并取得高水平的成果。,1,面议,面议,面议,均可,海外,,
,生物工程学院天津市千人计划岗,生物工程或制药工程,55岁以下,博士,不限,海外正教授或相当职务。学术水平高、造诣深，在本学科领域学术上有所创新并取得高水平的成果。,1,32,150元,住房补贴100元,刚性,海外,,
,生物工程学院特聘教授岗,生物工程或制药工程,35岁以下,博士,不限,海外博士需要有3年海外科研经历；国内博士需要有5年海外科研经历。学术水平高、造诣深，在本学科领域中学术上有所创新并取得了高水平的成果。,3,27.5,25-50元,25-35购房补贴,刚性,不限,,
天津财经大学,学术骨干,政治经济学,40岁左右,博士,教授、研究员,在高校、科研院所工作。有一定数量的A类成果和国家级重点以上项目。,1,根据《天津财经大学关于引进高层次人才的实施意见》（津财大发[2014]100号）给予相应的薪酬待遇,面议,根据《天津财经大学关于引进高层次人才的实施意见》（津财大发[2014]100号）给予相应的住房待遇,均可,不限,河西区,宋爱军     022-88186151
,学术骨干,经济思想史,40岁左右,博士,教授、研究员,在高校、科研院所工作。有一定数量的A类和B1类成果。,1,,,,均可,不限,,
,学术骨干,西方经济学,40岁左右,博士,教授、研究员,在高校、科研院所工作。有一定数量的A类成果。国家级重点以上项目。,1,,,,均可,不限,,
,学科带头人或学术骨干,金融学,55岁以下,博士,教授,在高等学校任职，具备博士生导师资格，具有较高的学术水平。主持过国家级科研项目；在国内同行中有一定影响；具有较高的学术造诣；研究方向为金融学方向。,1,,,,均可,不限,,
,学术骨干,财政学,45岁以下,博士,教授,在高等学校任职。有一定数量的A类成果。主持过国家级及以上科研项目。,1,,,,均可,不限,,
,学术骨干,公共管理,45岁以下,博士,教授,在高等学校任职。有一定数量的A类成果。主持过国家级及以上科研项目。,1,,,,均可,不限,,
,学术骨干,国际贸易学,40岁以下,博士,教授、研究员,在高校、科研院所工作。有一定数量的A类和B1类成果和国家级以上项目，对国际贸易学科做出带头发展作用。,1,,,,均可,不限,,
,学科带头人,民商法、经济法、诉讼法、刑法、行政法、法理学、国际法、法史学,50岁以下,博士,正教授、博导,具有3年以上的博导资历；有5年以上的正教授资历。第一作者身份在《法学研究》、《中国法学》、《中国社会科学》上发表过2篇以上文章；主持并完成国家级课题或2项以上教育部重大攻关课题子课题；第一作者身份发表有影响的国际论文或著作，或发表10篇以上法学类核心CSSCI来源期刊文章。有省部级人才称号或重要的国家级学会学术兼职（常务理事或副秘书长以上）。通过北京大学、中国人民大学或南开大学2名同行名家评定并盖该学院或权威研究机构章，得分高于90分。,1月2日,,,,均可,不限,,
,优秀青年学者,民商法、诉讼法、刑法、行政法、经济法、法理学、国际法、法史学,45岁以下,博士,副教授，特别优秀者可为博士,一般要求副教授3年以上且具有硕导资格，特别优秀者可放宽条件。主持完成境外有影响课题，或主持国家级课题或相当于国家级课题的国家重大课题子课题，或主持完成省部级课题且第一排名身份获省部级奖；发表有影响的国际论文、著作，或发表10篇以上CSSCI类文章。985院校2名同行法学名家评分高于80分且盖该机构章。,1月2日,,面议,,均可,不限,,
,优秀青年学者,中共党史,40岁以下,博士,副教授及以上,具有高校教师工作经历。完成国家社科基金项目。,1,,,,均可,不限,,
,学术骨干,思想政治教育,40岁以下,博士,副教授及以上,具有高校教师工作经历。完成国家社科基金项目。,1,,,,均可,不限,,
,学术骨干,国外马克思主义,40岁以下,博士,副教授及以上,具有高校教师工作经历。完成国家社科基金项目。,1,,,,均可,不限,,
,学术骨干,外国语言文学,49岁以下,博士,副高及以上,具有高校、科研机构相关工作经历。主持教育部及以上级科研立项1项以上；发表CSSCI论文2篇以上。,5,,,,均可,不限,,
,学科带头人,传播学,45岁以下,博士,教授,具有高校教师工作经历。“千人计划”人才。,1,,,,均可,不限,,
,学科带头人,语言学,45岁以下,博士,教授,具有高校教师工作经历。“千人计划”人才。,1,,,,均可,不限,,
,学科带头人,产品设计,45岁以下,硕士及以上,教授,在艺术设计专业院校具有教学管理经历或者担任过学科带头人。坚持正确的政治立场，拥有优秀的学术品德。在本学科领域内具有较高的知名度和学术影响，研究领域居于学科前沿。具备较强的学科梯队建设能力和团队组织能力。,1,,,,均可,不限,,
,学科带头人,对外汉语,35岁以下,博士,副高及以上,具有高校对外汉语教学经历，教学经验丰富、科研能力突出。,1,,,,均可,不限,,
,学科带头人,国际贸易,40岁以下,博士,副教授以上,曾在CSSCI期刊发表论文10篇以上， SCI论文2篇以上，主持过国家级课题。,1,,面议,,均可,不限,,
,学科带头人,金融学与投资学,40岁以下,博士,副教授以上,曾在CSSCI期刊发表论文10篇以上， SCI论文2篇以上，主持过国家级课题。,1,,,,均可,不限,,
,学术骨干,统计学,50岁以下,博士,副教授及以上,在国外大学取得统计学博士学位，并在国外统计学顶尖杂志发表论文。,1,,,,均可,不限,,
,学术骨干,经济学,50岁以下,博士,副教授及以上,在国内知名大学取得经济学博士学位，并在国内经济学顶尖杂志发表论文。,1,,,,均可,不限,,
,学术骨干,计算机软件与理论,40岁以下,博士,副教授及以上,本、硕、博均要求计算机及相关专业，长期从事计算机软件与理论方向研究。主持完成国家自然基金项目1项或国家科技部科技支撑计划项目1项。,1,,,,均可,不限,,
,学术骨干,计算机系统结构,40岁以下,博士,副教授及以上,本、硕、博均要求计算机及相关专业，长期从事计算机系统结构方向研究。主持完成国家自然基金项目1项或国家科技部科技支撑计划项目1项。,1,,,,均可,不限,,
,学术骨干,软件工程,40岁以下,博士,副教授及以上,本、硕、博均要计算机及相关专业，长期从事软件工程方向研究，有企业软件开发工作经历。主持完成国家自然基金项目1项或国家科技部科技支撑计划项目1项。,1,,,,均可,不限,,
,学术骨干,信息工程,40岁以下,博士,副教授及以上,本、硕、博均要求信号与信息处理及相关专业，长期从事信息工程领域研究。主持完成国家自然基金项目1项或国家科技部科技支撑计划项目1项。,1,,,,均可,不限,,
,学术骨干、优秀青年学者,计算数学、应用数学、金融数学,45岁,博士,副教授,在高校、科研单位工作过，主持过科研项目。,1,,,,均可,不限,,
,学术骨干,统计学,50岁以下,博士,副教授及以上,国外大学取得统计学博士学位，在国外统计学顶尖杂志发表论文。,1,,,,均可,不限,,
,优秀青年学者,会计（财务会计、会计理论）,40岁以下,博士或博士后,副教授以上,至少5年以上教师工作经验。发表B类以上高水平论文，拥有省部级课题，有国家级项目优先。,2,,,,均可,不限,,
,优秀青年学者,会计（审计）,40岁以下,博士,副教授以上,至少5年以上教师工作经验。发表B类以上高水平论文，拥有省部级课题，有国家级项目优先。有博士后工作经历的优先。,2,,面议,,均可,不限,,
,优秀青年学者,会计（财务管理）,40岁以下,博士,副教授以上,至少5年以上教师工作经验。发表B类以上高水平论文，拥有省部级课题，有国家级项目优先。有博士后工作经历的优先。,2,,,,均可,不限,,
,优秀青年学者,工商管理,40岁以下,硕士及以上,副教授以上,国内重点大学或国际知名大学学习或工作。近三年在国际或国内重要期刊发表论文5篇及以上。,1,,,,均可,不限,,
,优秀青年学者,心理学,40岁以下,硕士及以上,副教授以上,国内重点大学或国际知名大学学习或工作。近三年在国际或国内重要期刊发表论文5篇及以上。,1,,,,均可,不限,,
,学术骨干,产业经济学,45岁以下,博士,副高及以上,在国内外高校或科研院所从事产业经济学研究工作5年以上，并在本学术领域具有一定影响力。在CSSCI检索（经济类、管理类）排名前20%的期刊公开发表论文3篇以上（含3篇，排名前2名）；有主持国家自然科学基金或国家社会科学基金经历。,1,,,,均可,不限,,
,学术骨干,信息管理与信息系统及相关,不限,博士,副教授以上,国内核心及以上期刊发表过专业相关学术论文2篇以上或主持过省部级以上项目或作为主要参加人参与过国家级项目。,2,,,,均可,不限,,
,学术骨干,信息资源管理及相关,不限,博士,副教授以上,国内核心及以上期刊发表过专业相关学术论文2篇以上或主持过省部级以上项目或作为主要参加人参与过国家级项目。,3,,,,均可,不限,,
,学术骨干,工程管理,45岁以下,博士,教授,有工程管理相关专业背景，具有本科教学及科学研究经历。主持完成过两项国家自然科学/社会科学基金项目。,1,,,,均可,不限,,
,学术骨干,旅游管理,45岁以下,管理学博士,副教授以上 ,从事旅游教学与研究工作10年以上。主持国家级课题；发表CSSCI或CSCD论文10篇以上。,1,,,,均可,不限,,
,学术骨干,人文地理,45岁以下,理学博士,副教授以上,从事旅游教学与研究工作10年以上。主持国家级课题；发表CSSCI或CSCD论文10篇以上。,1,,,,均可,不限,,
,学术骨干,工商管理,不限,博士,副教授及以上,有课题或项目研究经历，在核心期刊及以上发表过论文。扎实的管理学理论基础；优秀的研究能力；优秀的文字表达能力（中英文）；良好的项目管理和统筹规划能力；良好的人际沟通和协调能力。,1,,,,均可,不限,,
天津医科大学,教授,生物化学与分子生物学,45岁以下,博士,海外助理教授以上,国外大学三年以上博士后经历，发表高水平论文。,2,视学术水平而定,,,刚性,海外,和平区,夏睦群     022-83336737　　　　　　
,教授,生理学与病理生理学,45岁以下,博士,,国外大学三年以上博士后经历，发表高水平论文。,2,视学术水平而定,,,刚性,海外,,
,教授,医学微生物学,45岁以下,博士,,国外大学三年以上博士后经历，发表高水平论文。,2,视学术水平而定,,,刚性,海外,,
,教授,病理学,45岁以下,博士,,"具有5年以上海外留学经历，发表SCI文章IF≥10,全职回国工作。",1,视学术水平而定,,,刚性,海外,,
,教授,超微病理,45岁以下,博士,,具有5年以上海外留学经历，从事病理学临床诊断15年以上。,1,视学术水平而定,,,刚性,海外,,
,教授,药理学,45岁以下,博士,,具有5年以上海外留学经历，发表高水平论文。,1,视学术水平而定,,,刚性,海外,,
,教授,营养与食品卫生,45岁以下,博士,,国外大学三年以上博士后经历，发表高水平论文。,1,视学术水平而定,,,刚性,海外,,
,教授,流行病与卫生统计学,45岁以下,博士,,国外大学三年以上博士后经历，发表高水平论文。,1,视学术水平而定,,,刚性,海外,,
,教授,肿瘤学,45岁以下,博士,,国外大学三年以上博士后经历，发表高水平论文。,2,视学术水平而定,,,刚性,海外,,
天津中医药大学,国家“千人计划”长期项目、短期项目、“外专千人计划”项目；教育部“长江学者奖励计划”,神经生理；康复医学；针灸学；骨伤学；生物信息处理；病理生理学；组织胚胎学；人体解剖学；生理学；医学免疫学；细胞生物学；分子生物学；细胞生物学；流行病学、卫生统计学等相关；毒理学；代谢动力学；分析化学（基于中药多成分特点的分析方法的建立）；药物化学（中药有效成分的结构修饰、改造）、注册护士（临床护理专家、老年方向临床护理专家、执业护士、老年方向执业护士）,50岁以下,博士,教授,较高学术水平。,不限,薪酬按国家及天津市有关规定执行（短期项目、外专项目待遇面议）,长期项目补贴200万，科研启动费400万,面议,均可,海外,南开区,王芬       022-59596115
,天津市“千人计划”长期项目,,50岁以下,博士,副教授,较高学术水平。,不限,薪酬按国家及天津市有关规定执行,科研启动费100万,面议,均可,海外,,
,天津市高端外国专家项目,,65岁以下,博士,教授,较高学术水平。,不限,在工薪和其他相关费用上可获得国家外专局的重点支持,面议,面议,均可,海外,,
,天津市“千人计划”短期项目,,55岁以下,博士,教授,较高学术水平。,不限,薪酬按国家及天津市有关规定执行,面议,面议,均可,海外,,
,国家“青年千人计划”,,40岁以下,博士,不限,较高学术水平，海外工作3年。,不限,,补贴50-100万，科研启动费100-300万,面议,均可,海外,,
,天津市“青年千人计划”,,,,,较高学术水平。,不限,,面议,面议,均可,不限,,
,天津市特聘教授,,45岁以下,博士,海外助理教授或国内教授,较高学术水平。,不限,工资待遇按国家及天津市有关规定执行,科研启动费80万，岗位津贴15万元/年,面议,均可,不限,,
,天津市特聘讲座教授,,55岁以下,博士,副教授,较高学术水平。,不限,24,科研启动经费50元,面议,均可,海外,,
,教学、科研骨干,,40岁以下,博士,不限,较高学术水平，海外工作2年以上。,不限,工资待遇按国家及天津市有关规定执行,科研启动费10-30万,面议,均可,不限,,
,妇产科医师,中西医结合妇产科,50岁以下,博士,博导/硕导，教授/主任医师,三甲医院工作经历、学科骨干。,2,面议,面议,面议,均可,国内,,
,中医科医师,中西医结合内科,50岁以下,博士,,三甲医院工作经历、有中医学背景，学科骨干。,1,面议,面议,面议,均可,国内,,
,儿科医师,儿科学,50岁以下,博士,,三甲医院工作经历、学科骨干。,1,面议,面议,面议,均可,国内,,
,外科医师,西医,50岁以下,博士,,三甲医院工作经历、学科骨干。,2,面议,面议,面议,均可,国内,,
,,外科学,,,,,,22.11604938,,面议,,,,
,超声诊断医师,影像医学,50岁以下,博士,,三甲医院工作经历、学科骨干。,1,面议,面议,面议,均可,国内,,
天津城建大学,学科带头人,土木工程,45岁以下,博士,相当于国内副教授及以上职称,在国内外著名高校、科研院所任职的专家学者，具有海外工作经历。主持国内外重要科研项目2项以上，以第一作者发表被SCI、EI、SSCI、A&HCI检索的论文4篇；或以第一作者发表被SCI、EI、SSCI、A&HCI、CSCD、CSSCI检索的论文6篇。,2,实行年度协议工资制，协议工资平均到12个月发放，且学校按国家规定缴纳在校工作期间医疗等保险费用,提供相应的科研配套经费,安家费由天津市根据相关政策提供。不提供安家费的，学校提供不小于100平方米的租赁住房一套,均可,不限,西青区,刘慧   23085026
,学科带头人,环境工程,45岁以下,博士,,在国内外著名高校、科研院所任职的专家学者，具有海外工作经历。主持国内外重要科研项目2项以上，以第一作者发表被SCI、EI、SSCI、A&HCI检索的论文4篇；或以第一作者发表被SCI、EI、SSCI、A&HCI、CSCD、CSSCI检索的论文6篇。,2,22.11604938,,,均可,不限,,
,学科带头人,建筑学,45岁以下,博士,,在国内外著名高校、科研院所任职的专家学者，具有海外工作经历。主持国内外重要科研项目2项以上，以第一作者发表被SCI、EI、SSCI、A&HCI检索的论文4篇；或以第一作者发表被SCI、EI、SSCI、A&HCI、CSCD、CSSCI检索的论文6篇。,1,,,,均可,不限,,
,学科带头人,城乡规划学,45岁以下,博士,,在国内外著名高校、科研院所任职的专家学者，具有海外工作经历。主持国内外重要科研项目2项以上，以第一作者发表被SCI、EI、SSCI、A&HCI检索的论文4篇；或以第一作者发表被SCI、EI、SSCI、A&HCI、CSCD、CSSCI检索的论文6篇。,1,,,,均可,不限,,
,学术骨干,电子信息工程、管理科学与工程、材料科学与工程、风景园林学、计算机科学与技术、电气工程及其自动化、机械设计制造及其自动化等,35岁以下,博士,,在国内外著名高校、科研院所从事教学或科研工作，具有海外工作经历。主持国内外重要科研项目1项以上，以第一作者发表论文5篇以上，且被SCI、EI、SSCI、A&HCI收录2篇以上，或包括被CSSCI、CSCD收录在内4篇以上。,14,,,酌情提供住房补贴,均可,不限,,
,教授、副教授,广播电视学,教授40岁以下，副教授35岁以下,,,符合南开大学教授岗位、副教授岗位相应申报条件，熟悉广播电视业务，有一定从业经验。,不限,,,,均可,不限,,
,教授、副教授,美术史或艺术学理论,,,,符合南开大学教授岗位、副教授岗位相应申报条件。,不限,,,,均可,不限,,
,教授、副教授,书法及篆刻,,,,符合南开大学教授岗位、副教授岗位相应申报条件，具有书法及篆刻创作经验且其书法作品获过省部级以上奖励。,不限,,,,均可,不限,,
,南开讲席教授、杰出教授、英才教授,美国史、欧洲史,讲座教授55岁以下；杰出、英才教授50岁以下,,,符合南开大学高端人才岗位相应申报条件，具有教授职称，获得国家级奖励，在本学科领域具有一定学术影响力。,不限,,,,均可,不限,,
,,马克思主义哲学,,,,符合南开大学高端人才岗位相应申报条件。,不限,,,,均可,不限,,
,百名青年学科带头人,中国近现代史,,,,符合南开大学百名青年学科带头人培养计划相应申报条件，在本专业领域顶尖或权威期刊发表论文并有较大影响力，获得省部级奖励。,不限,,,,均可,不限,,
,南开讲席教授、杰出教授、英才教授,法学理论、法律史、宪法与行政法、刑法、民商法、诉讼法、经济法、资源与环境保护法、国际法,讲座教授55岁以下；杰出、英才教授50岁以下,,,符合南开大学高端人才岗位相应申报条件。,不限,,,,均可,不限,,
,教授,法学理论,40岁以下,,,符合南开大学教授岗位相应申报条件。,不限,,,,均可,不限,,
,副教授、教授,金融法（证券期货法方向）,教授40岁以下，副教授35岁以下,,,符合南开大学教授岗位、副教授岗位相应申报条件。,不限,,,,均可,不限,,
,南开讲席教授、杰出教授、英才教授,政治学,讲座教授55岁以下；杰出、英才教授50岁以下,,,符合南开大学高端人才岗位相应申报条件，天津“千人计划”创新人才长期项目入选者；具有教授职称，获国内外知名学术荣誉者、在国外学术机构任职的学者优先。,不限,,,,均可,不限,,
,教授,社会学,40岁以下,,,符合南开大学教授岗位相应申报条件，具有与南开社会学发展相适应的研究方向，学术成果丰富、学术水平较高的教授。获国内外知名学术荣誉者、在国外学术机构任职的学者优先。,不限,,,,均可,不限,,
,南开讲席教授、杰出教授、英才教授；教授、副教授      ,理论经济学、应用经济学,讲座教授55岁以下；杰出、英才教授50岁以下,,,符合南开大学高端人才岗位、教授岗位、副教授岗位相应申报条件。,不限,,,,均可,不限,,
,教授、副教授,金融学（公司金融、资本市场）,教授40岁以下，副教授35岁以下,,,符合南开大学教授岗位、副教授岗位相应申报条件，海外知名大学博士毕业或长期进修。,不限,,,,均可,不限,,
,"南开讲席教授、杰出教授、英才教授；教授、
百名青年学科带头人",中国哲学、伦理学,讲座教授55岁以下；杰出、英才教授50岁以下,,,符合南开大学高端人才岗位、教授岗位、南开大学百名青年学科带头人培养计划相应申报条件。,不限,,,,均可,不限,,
,,财务管理,,,,符合南开大学高端人才岗位、南开大学百名青年学科带头人培养计划相应申报条件。,不限,,,,均可,不限,,
,百名青年学科带头人,会计学、图书馆、企业管理,40岁以下,,,符合南开大学百名青年学科带头人培养计划相应申报条件，入选国家“青年千人计划”者优先。,不限,,,,均可,不限,,
,教授、副教授,市场营销,教授40岁以下，副教授35岁以下,,,符合南开大学教授岗位、副教授岗位相应申报条件。,不限,,,,均可,不限,,
,教授、副教授；百名青年学科带头人,管理信息系统与电子商务,教授40岁以下，副教授35岁以下,,,符合南开大学教授岗位、副教授岗位、南开大学百名青年学科带头人培养计划相应申报条件，海外知名高校助理教授以上职位或国内知名高校副教授以上职位。,不限,,,,均可,不限,,
,,物流与供应链管理,,,,符合南开大学教授岗位、副教授岗位、南开大学百名青年学科带头人培养计划相应申报条件，海外知名高校助理教授以上职位；国内知名高校副教授以上职位；国家杰出青年基金和国家优秀青年基金潜在获得者。,不限,,,,均可,不限,,
,教授,情报学、档案学,40岁以下,,,符合南开大学教授岗位相应申报条件。,不限,,,,均可,不限,,
,教授、副教授,英语（日语、德语、法语、西班牙语）语言文学、外国语言学及应用语言学、翻译学等,教授40岁以下，副教授35岁以下,,,符合南开大学教授岗位、副教授岗位相应申报条件。,不限,,,,均可,不限,,
,教授,科学社会主义、思想政治教育,40岁以下,,,符合南开大学教授岗位相应申报条件，具有教授职称，获中国高等学校科学研究优秀成果三等奖以上，入选教育部新世纪优秀人才计划及以上。,不限,,,,均可,不限,,
,南开讲席教授、杰出教授、英才教授；教授﹑副教授,基础数学,讲座教授55岁以下；杰出、英才教授50岁以下；教授40岁以下，副教授35岁以下,,,符合南开大学高端人才岗位、教授岗位、副教授岗位相应申报条件。,不限,,,,均可,不限,,
,,光学工程、通信工程（无线通信技术）,,,,符合南开大学高端人才岗位、教授岗位、副教授岗位相应申报条件。,不限,,,,均可,不限,,
,南开讲席教授、杰出教授、英才教授   ,统计学、概率论与数理统计,,,,符合南开大学高端人才岗位相应申报条件，海外著名高校教授。,不限,,,,均可,不限,,
,,理论物理、凝聚态物理、光学,,,,符合南开大学高端人才岗位、副教授岗位相应申报条件。,不限,,,,均可,不限,,
,特聘研究员,无机化学、物理化学、分析化学、有机化学、化学生物学、农药学、植物保护、催化、能源材料、高分子材料与物理,,,,入选国家“青年千人计划”项目或达到同等水平，年龄在35周岁及以下，有深厚的学术积累和极大的科研发展潜力的高水平青年学术带头人（人才特区引进）。,不限,,,,,不限,,
,南开讲席教授、杰出教授、英才教授；教授、副教授；百名青年学科带头人      ,植物学,讲座教授55岁以下；杰出、英才教授50岁以下；教授40岁以下，副教授35岁以下,,,符合南开大学高端人才岗位、教授岗位、副教授岗位、南开大学百名青年学科带头人培养计划相应申报条件。,不限,,,,,不限,,
,,光学、凝聚态物理,,,,符合南开大学高端人才岗位、教授岗位、副教授岗位、南开大学百名青年学科带头人培养计划相应申报条件，具有海外博士后经历，对本学科的发展具有创新性构想和战略性思维。,不限,,,,均可,不限,,
,,数学各方向,,,,符合南开大学高端人才岗位、教授岗位、副教授岗位、南开大学百名青年学科带头人培养计划相应申报条件。,不限,,,,均可,不限,,
,,"控制科学与工程、
计算机科学与技术",,,,符合南开大学高端人才岗位、教授岗位、副教授岗位、南开大学百名青年学科带头人培养计划相应申报条件。,不限,,,,均可,不限,,
,,软件工程,,,,符合南开大学高端人才岗位、教授岗位、副教授岗位、南开大学百名青年学科带头人培养计划相应申报条件。,不限,,,,均可,不限,,
,,环境科学与工程、生态学,,,,符合南开大学高端人才岗位、教授岗位、副教授岗位、南开大学百名青年学科带头人培养计划相应申报条件。,不限,,,,均可,不限,,
,,微生物与生化药学、生药学,,,,符合南开大学高端人才岗位、南开大学百名青年学科带头人培养计划相应申报条件。,不限,,,,均可,不限,,
,特聘研究员,生物、化学、医学,,,,入选国家“千人计划”、“青年千人计划”项目或达到同等水平，有深厚的学术积累和极大的科研发展潜力的高水平青年学术带头人（人才特区引进）。,不限,,,,均可,不限,,
,教授、副教授,解剖学,教授40岁以下，副教授35岁以下,,,教授岗位达到国家“青年千人计划”入选条件；副教授岗位达到天津市“青年千人计划”入选条件，35岁以下。,1,,,,均可,不限,,
,南开讲席教授、杰出教授、英才教授；教授,药理学,讲座教授55岁以下；杰出、英才教授50岁以下,,,符合南开大学高端人才岗位、教授岗位申报条件，国家“千人计划”等国家级人才和青年人才项目候选人；所在专业领域的一流学者和学科建设领军人才或发展潜力和创新能力突出的优秀青年拔尖人才。,2,,,,均可,不限,,
,,分子遗传学、病理学、预防医学、组织胚胎学、生理学,,,,符合南开大学高端人才岗位相应申报条件，国家“千人计划”等国家级人才和青年人才项目候选人；所在专业领域的一流学者和学科建设领军人才。,6,,,,均可,不限,,
,教授,病原生物学,40岁以下,,,达到国家“青年千人计划”入选条件。,1,,,,均可,不限,,
,教授、副教授,微生物学,教授40岁以下，副教授35岁以下,,,符合南开大学教授岗位、副教授岗位相应申报条件，具有博士学位或博士后研究经历，具有较深厚的微生物学研究背景，具有教授、副教授职称或国外同等研究水平的人员。,不限,,,,均可,不限,,
,博士后流动站,中国古代文学、比较文学与世界文学、现代汉语,,博士,不限,海内外著名高校应届统招统分博士毕业。,不限,学校提供的工资标准不低于讲师岗位（应届博士来校），另可安排博士后公寓住宿，合作导师、课题组、学院给予相应配套待遇支持,,,均可,不限,,
,博士后流动站,历史地理学、历史文献学、史学理论及中国史学史、中国古代史、中国近代史、中国现代史、专门史,,博士,不限,,不限,,,,均可,不限,,
,博士后流动站,世界史学理论与史学史、世界古代中古史、世界近现代史、世界地区国别史、专门史与整体史,,博士,不限,,不限,,,,均可,不限,,
,博士后流动站,考古学史和考古学理论、史前考古、夏商周考古、秦汉魏晋南北朝考古、唐宋元明清考古、科技考古、文化遗产与博物馆、古代文字与铭刻、专门考古,,博士,不限,,不限,,,,均可,不限,,
,博士后流动站,马克思主义哲学,,博士,不限,海内外著名高校应届博士毕业。,不限,,,,均可,不限,,
,博士后流动站,美学,,博士,不限,,不限,,,,均可,不限,,
,博士后流动站,外国哲学,,博士,不限,,不限,,,,均可,不限,,
,博士后流动站,区域经济学（台湾经济与两岸经贸关系或城市经济方向）,,博士,不限,海内外著名高校统招统分博士毕业，熟练掌握地理信息系统。,不限,,,,均可,不限,,
,博士后流动站,金融学、金融工程,,博士,不限,,不限,,,,均可,不限,,
,博士后流动站,人口资源与环境经济学、劳动经济学,,博士,不限,,不限,,,,均可,不限,,
,博士后流动站,经济史、经济思想史（中国经济史与世界经济史方向）,,博士,不限,,不限,,,,均可,不限,,
,博士后流动站,工商管理,,博士,不限,海内外著名高校应届博士毕业，具有较高的英语水平。,不限,,,,均可,不限,,
,博士后流动站,管理科学与工程,,博士,不限,,不限,,,,均可,不限,,
,博士后流动站,图书情报与档案管理,,博士,不限,,不限,,,,均可,不限,,
,博士后流动站,社会学,,博士,不限,海内外著名高校博士毕业不超过3年，具有较高的英语水平，有明确的研究兴趣且与合作导师的研究方向契合。海外高校毕业者优先。,不限,,,,均可,不限,,
,博士后流动站,政治学、国际关系,,博士,不限,,不限,,,,均可,不限,,
,博士后流动站,公共管理,,博士,不限,,不限,,,,均可,不限,,
,博士后流动站,英语语言文学,,博士,不限,海内外著名高校博士毕业。,不限,,,,均可,不限,,
,博士后流动站,外国语言学、应用语言学,,博士,不限,,不限,,,,均可,不限,,
,博士后流动站,日语语言文学,,博士,不限,,不限,,,,均可,不限,,
,博士后流动站,俄语语言文学,,博士,不限,,不限,,,,均可,不限,,
,博士后流动站,马克思主义基本原理、马克思主义中国化、国外马克思主义、中共党史党建、思想政治教育、中国近现代史基本问题研究、科学社会主义与国际共产主义研究,,博士,不限,海内外著名高校应届或往届统招统分博士毕业。,不限,,,,均可,不限,,
,博士后流动站,区域经济学、区域产业规划,,博士,不限,海内外著名高校（非本校）博士毕业，已获得博士学位。专业基础扎实，数理基础好，具有独立进行学术研究与实践的能力，具有较高的英语水平。,不限,,,,均可,不限,,
,博士后流动站,交通规划、运输工程、产业经济学,,博士,不限,,不限,,,,均可,不限,,
,博士后流动站,管理科学与工程、工商管理、系统工程,,博士,不限,,不限,,,,均可,不限,,
,博士后流动站,旅游管理、旅游目的地营销研究方向,,博士,不限,海内外著名高校相关专业方向博士毕业不超过2年，具有较高的英语水平。,不限,,,,均可,不限,,
,博士后流动站,旅游管理、扶贫旅游研究方向,,博士,不限,,不限,,,,均可,不限,,
,博士后流动站,旅游管理、旅游信息化与电子商务研究方向,,博士,不限,,不限,,,,均可,不限,,
,博士后流动站,旅游管理、乡村旅游开发研究方向,,博士,不限,,不限,,,,均可,不限,,
,博士后流动站,日本历史文化研究,,博士,不限,海内外著名高校博士毕业，能够熟练使用日语进行相关研究。,不限,,,,均可,不限,,
,博士后流动站,经济学、金融学,,博士,不限,海内外著名高校博士毕业，具有较强的科研能力。,不限,,,,均可,不限,,
,博士后流动站,金融学（公司金融、资本市场）,,博士,不限,海内外著名高校博士毕业，具有较强的科研和教学能力，具有较高的英语水平。,不限,,,,均可,不限,,
,博士后流动站,基础数学、计算数学、概率论与数理统计、应用数学、运筹学与控制论,,博士,不限,海内外著名高校博士毕业，具有突出研究成果和发展潜力。,不限,,,,均可,不限,,
,博士后流动站,基础数学、理论物理,,博士,不限,海内外著名高校、科研机构博士毕业或出站的博士后。,不限,,,,均可,不限,,
,博士后流动站,组合数学、图论与组合优化、组合数论,,博士,不限,海内外著名高校博士毕业。,不限,,,,均可,不限,,
,博士后流动站,统计学、概率论与数理统计,,博士,不限,海内外著名高校博士毕业。,不限,,,,均可,不限,,
,博士后流动站,理论物理,,博士,不限,海内外著名高校应届博士毕业。,不限,,,,均可,不限,,
,,光学,,博士,不限,,不限,,,,均可,不限,,
,,凝聚态与材料物理,,博士,不限,,不限,,,,均可,不限,,
,博士后流动站,有机化学、分析化学、无机化学、高分子化学、物理化学,,博士,不限,海内外著名高校应届博士毕业。,不限,,,,均可,不限,,
,博士后流动站,材料物理与化学、材料学,,博士,不限,,不限,,,,均可,不限,,
,博士后流动站,农药学,,博士,不限,,不限,,,,均可,不限,,
,博士后流动站,生物学,,博士,不限,海内外著名高校应届统招统分博士毕业，有突出科研成果者优先。,不限,,,,均可,不限,,
,博士后流动站,光学工程,,博士,不限,海内外高水平科研机构博士毕业，具有良好的独立科研能力。,不限,,,,均可,不限,,
,博士后流动站,微电子学与固体电子学、薄膜光电子材料与器件,,博士,不限,海内外著名高校博士毕业。,不限,,,,均可,不限,,
,博士后流动站,控制科学与工程,,博士,不限,海内外著名高校近3年内获得博士学位，在移动机器人、欠驱动系统等方面成果较突出。,不限,,,,均可,不限,,
,博士后流动站,自动化、计算机、计算数学,,博士,不限,海内外著名高校博士毕业，具备较强的计算机软硬件研究能力和实验能力。,不限,,,,均可,不限,,
,博士后流动站,智能机器人系统,,博士,不限,海内外著名高校近3年内获得博士学位，在机器人控制、视觉与图像处理等方面成果较突出。,不限,,,,均可,不限,,
,博士后流动站,微纳操作机器人,,博士,不限,海内外著名高校近3年内获得博士学位，机械、机器人、控制、计算机等相关专业，具有较高的英语水平，具有微纳操作机器人项目经验者优先。,不限,,,,均可,不限,,
,博士后流动站,复杂系统建模优化与控制,,博士,不限,海内外著名高校近3年内获得博士学位，控制、航空、应用数学、运筹学与控制论等相关专业，具有较高的英语水平。,不限,,,,均可,不限,,
,博士后流动站,系统优化与调度,,博士,不限,海内外著名高校近3年内获得博士学位，控制、应用数学、运筹学与控制论等相关专业，具有较高的英语水平。,不限,,,,均可,不限,,
,博士后流动站,计算机科学与技术,,博士,不限,海内外著名高校相关专业博士毕业。,不限,,,,均可,不限,,
,博士后流动站,大气污染防治、分析化学、大气科学、计算机科学,,博士,不限,海内外著名高校博士毕业。,不限,,,,均可,不限,,
,博士后流动站,环境电化学,,博士,不限,,不限,,,,均可,不限,,
,博士后流动站,环境污染化学,,博士,不限,海内外著名高校环境科学或环境工程专业应届博士毕业，具有独立承担科研项目经验，具有较高的英语水平。,不限,,,,均可,不限,,
,博士后流动站,环境科学,,博士,不限,海内外著名高校（非本校）博士毕业生。,不限,,,,均可,不限,,
,博士后流动站,生物质资源化科学与技术,,博士,不限,海内外著名高校应届博士毕业，具有从事生物质固废资源化研究的经历，具有管理和开发科研仪器设备经历，获奖、专利等相关研究成果多者优先。,不限,,,,均可,不限,,
,博士后流动站,污染生态学、环境生态学,,博士,不限,海内外著名高校应届博士毕业。,不限,,,,均可,不限,,
,博士后流动站,全球变化,,博士,不限,,不限,,,,均可,不限,,
,博士后流动站,药物化学、有机合成、肿瘤药理,,博士,不限,海内外著名高校博士毕业，以第一作者的发表论文的总影响因子为4.0以上。,不限,,,,均可,不限,,
,博士后流动站,化学生物学,,博士,不限,海内外著名高校应届博士毕业，研究方向为有机合成、药物合成。,不限,,,,均可,不限,,
,博士后流动站,化学生物学,,博士,不限,海内外著名高校博士毕业。,不限,,,,均可,不限,,
,博士后流动站,微生物（计算机辅助药物设计）,,博士,不限,海内外著名高校博士毕业，具有较高的英语水平。,不限,,,,均可,不限,,
,博士后流动站,生命科学,,博士,不限,海内外著名高校博士毕业，具有较高的英语水平，具备较强的科研业务能力，精通细胞生物学常用技术，尤其是抗体技术与细胞培养。,不限,,,,均可,不限,,
,博士后流动站,细胞生物学、干细胞发育生物学,,博士,不限,海内外著名高校博士毕业，在细胞生物学、分子生物学或干细胞领域具有较强的研究背景。,不限,,,,均可,不限,,
,博士后流动站,药物化学、生物化学,,博士,不限,海内外著名高校应届统招统分博士毕业，在药物化学生物学领域具有较强的研究背景，具有较高的英语水平。,不限,,,,均可,不限,,
,博士后流动站,生物化学与分子生物学,,博士,不限,海内外著名高校应届统招统分博士毕业，在生物化学、结构生物学具有较强的研究背景，具有较高的英语水平。,不限,,,,均可,不限,,
,博士后流动站,细胞生物学    ,,博士,不限,海内外著名高校应届统招统分博士毕业，在细胞生物学、分子生物学或干细胞领域具有较强的研究背景，具有较高的英语水平。,不限,,,,均可,不限,,
,博士后流动站,分析化学、材料化学,,博士,不限,海内外著名高校应届统招统分博士毕业，在分析化学、高分子材料化学领域具有较强的研究背景，具有较高的英语水平。,不限,,,,均可,不限,,
,博士后流动站,微生物学,,博士,不限,海内外著名高校博士毕业，博士期间从事微生物遗传学研究，具有较高的英语水平。,不限,,,,均可,不限,,
,博士后流动站,光学、凝聚态物理,,博士,不限,海内外著名高校博士毕业，具有较高的英语水平。,不限,,,,均可,不限,,
,,光学,,博士,不限,海内外著名高校博士毕业，从事量子光学或者微纳光学方面的研究。,不限,,,,均可,不限,,
,,,,,,,,22.11604938,,,,,,
